"Gene_Id","padj","logFC","Regulation"
"220686_s_at",0.000474,-1.7795338,"Downregulated"
"235416_at",0.000474,-3.704878,"Downregulated"
"239303_at",0.000474,-1.7396368,"Downregulated"
"234367_x_at",0.000474,-3.6789345,"Downregulated"
"207601_at",0.001045,-2.7548539,"Downregulated"
"205509_at",0.001045,-3.5671766,"Downregulated"
"1554628_at",0.001045,-1.4023165,"Downregulated"
"203256_at",0.001103,3.2272292,"Upregulated"
"1570445_a_at",0.001462,-4.5205678,"Downregulated"
"210505_at",0.001462,-4.2682112,"Downregulated"
"205941_s_at",0.001621,4.4626402,"Upregulated"
"209366_x_at",0.001621,-1.3195692,"Downregulated"
"217763_s_at",0.001621,1.6610577,"Upregulated"
"228825_at",0.001621,-1.5798036,"Downregulated"
"219543_at",0.001621,-2.6611743,"Downregulated"
"227140_at",0.001621,4.5624785,"Upregulated"
"219564_at",0.001621,-6.3451455,"Downregulated"
"219313_at",0.001621,-1.168563,"Downregulated"
"217764_s_at",0.001621,1.5137357,"Upregulated"
"234095_at",0.001621,-1.1759052,"Downregulated"
"215726_s_at",0.001621,-1.356913,"Downregulated"
"225520_at",0.001621,1.8643835,"Upregulated"
"1555175_a_at",0.001693,-2.1783733,"Downregulated"
"204745_x_at",0.001693,-2.6264277,"Downregulated"
"212354_at",0.001828,3.525713,"Upregulated"
"1553797_a_at",0.001828,-3.300451,"Downregulated"
"242546_at",0.001828,2.7391107,"Upregulated"
"207843_x_at",0.001828,-1.1813114,"Downregulated"
"223862_at",0.001828,-4.6658703,"Downregulated"
"210511_s_at",0.001828,4.9973833,"Upregulated"
"1554530_at",0.001828,-3.8488261,"Downregulated"
"217762_s_at",0.001829,1.4688334,"Upregulated"
"236118_at",0.001829,-3.5163465,"Downregulated"
"206461_x_at",0.001931,-2.2223449,"Downregulated"
"209213_at",0.002089,-1.363273,"Downregulated"
"217546_at",0.002172,-4.9201424,"Downregulated"
"227566_at",0.002223,2.5567101,"Upregulated"
"230204_at",0.002223,-2.3291384,"Downregulated"
"236513_at",0.002223,-1.5852041,"Downregulated"
"237498_at",0.002223,-1.484926,"Downregulated"
"229948_at",0.002223,-1.648897,"Downregulated"
"223426_s_at",0.002223,-1.4109302,"Downregulated"
"205160_at",0.002223,-1.1262702,"Downregulated"
"1553678_a_at",0.002223,1.0840893,"Upregulated"
"212344_at",0.002223,3.6029829,"Upregulated"
"209309_at",0.002223,-2.9141497,"Downregulated"
"223611_s_at",0.002223,-1.7225589,"Downregulated"
"242775_at",0.002223,-1.328868,"Downregulated"
"228201_at",0.002223,1.0221045,"Upregulated"
"1556554_at",0.002223,-5.4444352,"Downregulated"
"201438_at",0.002223,2.0585832,"Upregulated"
"203773_x_at",0.002303,1.255682,"Upregulated"
"226228_at",0.002353,-7.8413652,"Downregulated"
"1564333_a_at",0.002353,-4.9340908,"Downregulated"
"229802_at",0.002438,2.9533462,"Upregulated"
"236360_at",0.002443,-2.9893156,"Downregulated"
"216336_x_at",0.002443,-2.3253429,"Downregulated"
"216661_x_at",0.002443,-2.897473,"Downregulated"
"205660_at",0.002443,-2.1176117,"Downregulated"
"212859_x_at",0.002443,-2.1938631,"Downregulated"
"56256_at",0.002443,-1.6002613,"Downregulated"
"217165_x_at",0.002546,-2.5306411,"Downregulated"
"201108_s_at",0.002546,2.0043127,"Upregulated"
"213353_at",0.002546,-1.0314463,"Downregulated"
"212460_at",0.002735,1.0749425,"Upregulated"
"213629_x_at",0.002735,-2.7253588,"Downregulated"
"208072_s_at",0.002745,-1.5597916,"Downregulated"
"243072_at",0.002745,-1.7361095,"Downregulated"
"209081_s_at",0.002818,1.1560895,"Upregulated"
"1554183_s_at",0.00289,-2.7826247,"Downregulated"
"1569428_at",0.003014,-2.7524049,"Downregulated"
"202404_s_at",0.003018,2.5548157,"Upregulated"
"227742_at",0.003052,-4.2177371,"Downregulated"
"1554182_at",0.003109,-3.172515,"Downregulated"
"209605_at",0.003109,-1.4834335,"Downregulated"
"238783_at",0.003109,-1.3752484,"Downregulated"
"227948_at",0.003109,-1.8295716,"Downregulated"
"222548_s_at",0.003109,1.3516372,"Upregulated"
"205913_at",0.003109,-2.6158292,"Downregulated"
"241780_at",0.003109,1.5311638,"Upregulated"
"212353_at",0.003128,3.4271915,"Upregulated"
"226594_at",0.003172,-1.9655584,"Downregulated"
"237724_at",0.0032,-1.9834143,"Downregulated"
"242269_at",0.0032,-2.7400644,"Downregulated"
"212448_at",0.0032,-1.7507481,"Downregulated"
"210524_x_at",0.0032,-2.4116994,"Downregulated"
"235591_at",0.0032,-3.5878601,"Downregulated"
"229499_at",0.003225,-3.0874929,"Downregulated"
"218404_at",0.003225,1.6890116,"Upregulated"
"221730_at",0.003225,1.9868828,"Upregulated"
"228568_at",0.003271,-1.5097561,"Downregulated"
"231766_s_at",0.003271,2.8421016,"Upregulated"
"212551_at",0.003285,2.2140646,"Upregulated"
"238205_at",0.003285,-3.3291893,"Downregulated"
"238681_at",0.003285,-1.6111227,"Downregulated"
"223753_s_at",0.003285,-2.7513421,"Downregulated"
"213869_x_at",0.003285,2.0904904,"Upregulated"
"224950_at",0.003291,1.2402707,"Upregulated"
"225681_at",0.003291,2.8671448,"Upregulated"
"235521_at",0.003291,1.4799522,"Upregulated"
"207173_x_at",0.003291,1.813153,"Upregulated"
"208636_at",0.003333,1.3033908,"Upregulated"
"241436_at",0.003333,-5.306967,"Downregulated"
"204361_s_at",0.003333,1.3420065,"Upregulated"
"235821_at",0.003333,2.4203602,"Upregulated"
"225354_s_at",0.003333,-1.7404764,"Downregulated"
"207139_at",0.003333,-8.0231921,"Downregulated"
"219553_at",0.003333,1.0521057,"Upregulated"
"203570_at",0.003333,1.0754167,"Upregulated"
"200793_s_at",0.003333,-1.2160107,"Downregulated"
"223326_s_at",0.003333,-1.1283031,"Downregulated"
"204073_s_at",0.003333,-2.3243567,"Downregulated"
"205290_s_at",0.003333,-1.718422,"Downregulated"
"218765_at",0.003333,-1.458821,"Downregulated"
"235202_x_at",0.003333,1.2615284,"Upregulated"
"229401_at",0.003367,-2.124203,"Downregulated"
"225664_at",0.003367,2.5616933,"Upregulated"
"242881_x_at",0.003367,2.7994804,"Upregulated"
"209966_x_at",0.003367,-4.7037854,"Downregulated"
"225295_at",0.003367,1.6076009,"Upregulated"
"229661_at",0.003394,3.4227639,"Upregulated"
"239606_at",0.003423,-1.5826461,"Downregulated"
"1553647_at",0.003485,-1.1895006,"Downregulated"
"208850_s_at",0.003515,2.5630303,"Upregulated"
"202016_at",0.003515,1.6817218,"Upregulated"
"228469_at",0.003515,-1.7237757,"Downregulated"
"215856_at",0.003515,-1.7414622,"Downregulated"
"242892_at",0.003515,-1.2004022,"Downregulated"
"219327_s_at",0.003515,-1.6666549,"Downregulated"
"221676_s_at",0.003515,1.0898029,"Upregulated"
"219965_s_at",0.003515,-1.1879763,"Downregulated"
"236098_at",0.003515,-2.6824188,"Downregulated"
"211571_s_at",0.003529,1.7772765,"Upregulated"
"242398_x_at",0.003575,-1.133237,"Downregulated"
"214421_x_at",0.003575,-2.8778642,"Downregulated"
"237094_at",0.003604,1.8410751,"Upregulated"
"200665_s_at",0.003628,2.0628742,"Upregulated"
"232309_at",0.003628,-1.5086112,"Downregulated"
"231879_at",0.003628,1.8431189,"Upregulated"
"1562208_a_at",0.003628,-1.4607901,"Downregulated"
"211653_x_at",0.003645,-3.4402445,"Downregulated"
"221729_at",0.003645,1.9518489,"Upregulated"
"229909_at",0.003645,-2.4032758,"Downregulated"
"205499_at",0.003645,1.9913791,"Upregulated"
"231978_at",0.003647,-3.7337804,"Downregulated"
"236001_at",0.003807,-3.3526676,"Downregulated"
"201261_x_at",0.003807,2.3708699,"Upregulated"
"1562765_at",0.003807,-1.9614927,"Downregulated"
"201185_at",0.003807,1.4561492,"Upregulated"
"216025_x_at",0.003807,-2.7396807,"Downregulated"
"37892_at",0.003947,5.9817584,"Upregulated"
"207426_s_at",0.004021,1.6764978,"Upregulated"
"226237_at",0.004021,3.5217517,"Upregulated"
"212464_s_at",0.004053,2.530473,"Upregulated"
"201035_s_at",0.004055,-1.2157702,"Downregulated"
"205530_at",0.004061,-1.2727517,"Downregulated"
"238222_at",0.004061,-9.1780163,"Downregulated"
"201666_at",0.004061,2.0927926,"Upregulated"
"242445_at",0.004061,-1.722693,"Downregulated"
"208581_x_at",0.004061,-1.8223506,"Downregulated"
"227491_at",0.00407,-1.4606932,"Downregulated"
"236216_at",0.00407,-1.0125759,"Downregulated"
"205289_at",0.004177,-1.8192399,"Downregulated"
"202006_at",0.004236,1.0599907,"Upregulated"
"212841_s_at",0.004236,-1.2858503,"Downregulated"
"242384_at",0.004236,-1.0725719,"Downregulated"
"207546_at",0.004249,-7.960095,"Downregulated"
"244530_at",0.004249,-1.6766921,"Downregulated"
"206172_at",0.004249,3.439477,"Upregulated"
"204519_s_at",0.004249,-2.4707902,"Downregulated"
"219249_s_at",0.004264,2.6036273,"Upregulated"
"229793_at",0.004264,-1.0752139,"Downregulated"
"212624_s_at",0.004264,1.6694207,"Upregulated"
"207560_at",0.004264,-1.2322245,"Downregulated"
"220724_at",0.004264,-5.2324383,"Downregulated"
"238942_at",0.004328,-2.1172511,"Downregulated"
"237108_x_at",0.004342,-3.8425416,"Downregulated"
"203819_s_at",0.004394,4.6396491,"Upregulated"
"216759_at",0.004407,-1.3104961,"Downregulated"
"211569_s_at",0.004422,-1.1303839,"Downregulated"
"33494_at",0.004422,-1.1275696,"Downregulated"
"216899_s_at",0.004443,1.2494611,"Upregulated"
"228116_at",0.004462,2.2616987,"Upregulated"
"202237_at",0.004462,1.7180859,"Upregulated"
"242055_at",0.004489,-1.5680584,"Downregulated"
"206539_s_at",0.004497,-2.1409082,"Downregulated"
"206796_at",0.004497,2.3684176,"Upregulated"
"222798_at",0.004497,-1.2224832,"Downregulated"
"243015_at",0.004509,-1.5495176,"Downregulated"
"208637_x_at",0.004509,1.5521609,"Upregulated"
"226311_at",0.004519,2.9709372,"Upregulated"
"221552_at",0.004541,-1.0379458,"Downregulated"
"241006_at",0.004667,-1.8057252,"Downregulated"
"210067_at",0.004787,-4.1283382,"Downregulated"
"210381_s_at",0.004787,-4.2018853,"Downregulated"
"207719_x_at",0.004787,1.0774047,"Upregulated"
"239964_at",0.004787,-2.0618453,"Downregulated"
"212593_s_at",0.004787,-1.2020579,"Downregulated"
"207175_at",0.004787,-3.440471,"Downregulated"
"206292_s_at",0.004787,-3.3252571,"Downregulated"
"205295_at",0.004787,-3.3539361,"Downregulated"
"206324_s_at",0.004787,-1.7021772,"Downregulated"
"223327_x_at",0.004787,-1.1084927,"Downregulated"
"219773_at",0.004787,3.5235717,"Upregulated"
"1555522_s_at",0.004787,1.0494522,"Upregulated"
"230895_at",0.004787,-3.1604726,"Downregulated"
"221510_s_at",0.004787,1.1241911,"Upregulated"
"203083_at",0.004787,3.6138315,"Upregulated"
"204416_x_at",0.004787,2.5084573,"Upregulated"
"237411_at",0.004787,1.515555,"Upregulated"
"225799_at",0.004814,1.2833652,"Upregulated"
"206160_at",0.004857,-2.8973238,"Downregulated"
"211689_s_at",0.004882,-2.0137834,"Downregulated"
"227969_at",0.004883,-1.835941,"Downregulated"
"229459_at",0.004883,2.5620202,"Upregulated"
"201105_at",0.004883,1.2622536,"Upregulated"
"230585_at",0.004883,-3.4536726,"Downregulated"
"1553956_at",0.004883,1.1443985,"Upregulated"
"220191_at",0.004883,-8.9911571,"Downregulated"
"220125_at",0.004883,-2.0206673,"Downregulated"
"220589_s_at",0.005008,-1.0519191,"Downregulated"
"205401_at",0.005025,1.123912,"Upregulated"
"205464_at",0.005026,-3.1638977,"Downregulated"
"220723_s_at",0.005038,-5.2840292,"Downregulated"
"213553_x_at",0.005038,1.8255071,"Upregulated"
"223194_s_at",0.005108,-1.5485598,"Downregulated"
"222901_s_at",0.005108,-3.6170683,"Downregulated"
"202238_s_at",0.005108,1.7361175,"Upregulated"
"201701_s_at",0.005108,-1.0269665,"Downregulated"
"237220_at",0.00511,-3.5531688,"Downregulated"
"209012_at",0.00511,1.0112246,"Upregulated"
"209699_x_at",0.005124,-3.2292147,"Downregulated"
"226553_at",0.005124,-2.0343327,"Downregulated"
"230285_at",0.005184,-1.2016122,"Downregulated"
"201036_s_at",0.005194,-1.0526038,"Downregulated"
"207820_at",0.005194,-2.1455512,"Downregulated"
"235299_at",0.005194,-1.5501389,"Downregulated"
"210797_s_at",0.005194,-1.2839339,"Downregulated"
"209570_s_at",0.005194,-1.1093174,"Downregulated"
"201163_s_at",0.005198,1.0663493,"Upregulated"
"210068_s_at",0.00523,-4.7956692,"Downregulated"
"201617_x_at",0.005249,1.5858584,"Upregulated"
"227861_at",0.00526,-1.4860991,"Downregulated"
"1566440_at",0.00526,-1.4928595,"Downregulated"
"221872_at",0.00526,2.0707755,"Upregulated"
"1560281_a_at",0.005308,-2.5992343,"Downregulated"
"236227_at",0.005308,-1.2995029,"Downregulated"
"234709_at",0.005308,-3.7950006,"Downregulated"
"239873_at",0.005351,-2.7603096,"Downregulated"
"211161_s_at",0.005375,1.611439,"Upregulated"
"211806_s_at",0.005375,-2.1293998,"Downregulated"
"205161_s_at",0.005375,-1.1475415,"Downregulated"
"220030_at",0.005375,-2.4009316,"Downregulated"
"219803_at",0.005417,-3.0087351,"Downregulated"
"218599_at",0.005417,-1.3891153,"Downregulated"
"227721_at",0.005417,-1.0664517,"Downregulated"
"235638_at",0.005427,-2.3188881,"Downregulated"
"1562945_at",0.005427,-1.6313915,"Downregulated"
"211980_at",0.005469,1.5265119,"Upregulated"
"213878_at",0.005512,-1.1416054,"Downregulated"
"225458_at",0.00552,-2.4816269,"Downregulated"
"204114_at",0.00552,2.2788435,"Upregulated"
"216092_s_at",0.00552,-1.3672036,"Downregulated"
"210906_x_at",0.00552,-3.7580131,"Downregulated"
"231374_at",0.005523,2.2974636,"Upregulated"
"211456_x_at",0.005523,-2.0277771,"Downregulated"
"218854_at",0.005523,1.2954947,"Upregulated"
"212185_x_at",0.005523,-1.5517138,"Downregulated"
"1555841_at",0.005523,1.0371324,"Upregulated"
"211981_at",0.00556,2.0214329,"Upregulated"
"206212_at",0.00556,-3.9419984,"Downregulated"
"207067_s_at",0.00556,-2.5066087,"Downregulated"
"202701_at",0.00556,1.1617188,"Upregulated"
"201430_s_at",0.00556,1.9677092,"Upregulated"
"1564074_at",0.00556,-2.2923642,"Downregulated"
"225285_at",0.00556,1.8231102,"Upregulated"
"230100_x_at",0.005574,-1.02804,"Downregulated"
"205462_s_at",0.005586,-1.2940895,"Downregulated"
"205856_at",0.005604,-1.6154127,"Downregulated"
"230788_at",0.005604,-1.8891956,"Downregulated"
"1555173_at",0.005604,-2.0997682,"Downregulated"
"1566486_at",0.005604,-2.379805,"Downregulated"
"229239_x_at",0.005604,-1.577898,"Downregulated"
"209191_at",0.005604,1.4284034,"Upregulated"
"202731_at",0.005604,-1.3763139,"Downregulated"
"233340_at",0.005604,-2.4644049,"Downregulated"
"240294_at",0.005604,-1.5864256,"Downregulated"
"225639_at",0.005685,1.4295438,"Upregulated"
"226770_at",0.005685,-1.3088343,"Downregulated"
"202311_s_at",0.005685,3.0111652,"Upregulated"
"209646_x_at",0.005685,1.4455596,"Upregulated"
"204879_at",0.005685,1.3339107,"Upregulated"
"205524_s_at",0.005685,-2.282848,"Downregulated"
"215258_at",0.005685,-1.785489,"Downregulated"
"219076_s_at",0.00573,-1.5090306,"Downregulated"
"230907_at",0.00573,-1.549382,"Downregulated"
"205623_at",0.005731,-3.9199847,"Downregulated"
"226302_at",0.005739,-1.3615138,"Downregulated"
"1555705_a_at",0.005757,1.2987455,"Upregulated"
"210495_x_at",0.005784,2.1263202,"Upregulated"
"211117_x_at",0.005784,-2.7118397,"Downregulated"
"217014_s_at",0.005784,-1.382934,"Downregulated"
"209360_s_at",0.005784,1.0638659,"Upregulated"
"244545_at",0.005784,-1.1287028,"Downregulated"
"1553796_at",0.005789,-1.9368233,"Downregulated"
"224707_at",0.0058,-1.9453827,"Downregulated"
"243858_at",0.0058,-1.7843449,"Downregulated"
"1561653_at",0.005808,-3.0190239,"Downregulated"
"207714_s_at",0.005823,2.3429657,"Upregulated"
"202752_x_at",0.005823,-1.4289315,"Downregulated"
"226930_at",0.005823,4.216381,"Upregulated"
"239006_at",0.005823,-3.6098369,"Downregulated"
"231069_at",0.005823,-1.1302053,"Downregulated"
"202403_s_at",0.005823,1.4765649,"Upregulated"
"216594_x_at",0.005853,-3.1593833,"Downregulated"
"1560692_at",0.005853,-2.1340189,"Downregulated"
"243039_at",0.005904,-1.3381192,"Downregulated"
"238805_at",0.005911,-1.2797041,"Downregulated"
"213265_at",0.005911,-7.9790466,"Downregulated"
"219087_at",0.005911,2.6340362,"Upregulated"
"221008_s_at",0.005911,-5.1363434,"Downregulated"
"1555854_at",0.005965,-3.773018,"Downregulated"
"242945_at",0.005965,-1.6541173,"Downregulated"
"227249_at",0.005986,1.1252454,"Upregulated"
"212488_at",0.006003,1.6469499,"Upregulated"
"209453_at",0.006003,-1.6215008,"Downregulated"
"204051_s_at",0.006053,3.4940891,"Upregulated"
"201110_s_at",0.006053,1.5622452,"Upregulated"
"1558619_at",0.006053,-2.1141663,"Downregulated"
"240110_at",0.006122,-2.0219058,"Downregulated"
"224733_at",0.006127,1.0293608,"Upregulated"
"214213_x_at",0.006128,-1.0583764,"Downregulated"
"204777_s_at",0.006128,-4.1026149,"Downregulated"
"203236_s_at",0.006128,-1.0170078,"Downregulated"
"229218_at",0.006133,2.1969774,"Upregulated"
"211160_x_at",0.006168,1.4675245,"Upregulated"
"224694_at",0.006168,1.5746333,"Upregulated"
"214651_s_at",0.006178,2.4582846,"Upregulated"
"216673_at",0.006178,-2.0557398,"Downregulated"
"236179_at",0.00618,1.9496544,"Upregulated"
"203769_s_at",0.006206,-1.3273977,"Downregulated"
"1565282_at",0.006245,-2.579427,"Downregulated"
"201614_s_at",0.006263,1.1873157,"Upregulated"
"228503_at",0.006422,-1.7768097,"Downregulated"
"201792_at",0.006439,1.8902135,"Upregulated"
"50965_at",0.006473,-1.7816401,"Downregulated"
"1552910_at",0.006473,-3.1810782,"Downregulated"
"213125_at",0.006473,1.8944706,"Upregulated"
"228993_s_at",0.006473,-1.0617288,"Downregulated"
"205618_at",0.006519,1.3326287,"Upregulated"
"238623_at",0.006534,1.8957303,"Upregulated"
"230117_at",0.006548,-2.9647364,"Downregulated"
"223095_at",0.00656,1.3184071,"Upregulated"
"215658_at",0.006582,-2.8118794,"Downregulated"
"201744_s_at",0.006594,1.1653879,"Upregulated"
"1566485_at",0.006594,-2.1571673,"Downregulated"
"230006_s_at",0.006594,-1.1020577,"Downregulated"
"204241_at",0.006594,-1.1109117,"Downregulated"
"211719_x_at",0.006594,2.1824677,"Upregulated"
"208813_at",0.006594,-1.2584847,"Downregulated"
"229554_at",0.006631,1.5595454,"Upregulated"
"211442_x_at",0.006662,-1.4263904,"Downregulated"
"219257_s_at",0.006662,1.9800806,"Upregulated"
"215076_s_at",0.006693,1.146453,"Upregulated"
"1552518_s_at",0.006711,2.6465904,"Upregulated"
"205112_at",0.006739,-1.6060907,"Downregulated"
"210990_s_at",0.006739,1.9312755,"Upregulated"
"1568981_at",0.006739,-1.0355685,"Downregulated"
"1565701_at",0.006739,-1.0611473,"Downregulated"
"41037_at",0.006772,1.0794868,"Upregulated"
"205206_at",0.006837,2.1219398,"Upregulated"
"205141_at",0.006841,-2.0570028,"Downregulated"
"204326_x_at",0.006853,-1.717194,"Downregulated"
"221122_at",0.006942,-4.0740828,"Downregulated"
"221241_s_at",0.006942,-1.6574986,"Downregulated"
"240096_at",0.006942,-1.923969,"Downregulated"
"231849_at",0.006981,2.6227376,"Upregulated"
"204165_at",0.006999,1.7321758,"Upregulated"
"225175_s_at",0.006999,-1.0519176,"Downregulated"
"204052_s_at",0.007282,3.4065385,"Upregulated"
"231732_at",0.007282,-2.1118725,"Downregulated"
"242913_at",0.007282,-2.5298135,"Downregulated"
"1567252_at",0.007283,-2.0399148,"Downregulated"
"1555265_at",0.007283,-1.9802076,"Downregulated"
"240422_at",0.007293,-2.2189887,"Downregulated"
"216063_at",0.007304,-1.1666795,"Downregulated"
"218844_at",0.007315,-1.2278547,"Downregulated"
"241349_at",0.007315,-1.4100767,"Downregulated"
"226695_at",0.007315,2.1126396,"Upregulated"
"218124_at",0.007324,-1.124912,"Downregulated"
"203820_s_at",0.007403,3.2869979,"Upregulated"
"237879_at",0.007416,-1.1190647,"Downregulated"
"220609_at",0.007416,-1.4407435,"Downregulated"
"213010_at",0.007441,1.2846208,"Upregulated"
"203768_s_at",0.007441,-1.7986646,"Downregulated"
"232699_at",0.007441,-1.3128572,"Downregulated"
"228787_s_at",0.007535,1.7120242,"Upregulated"
"215074_at",0.007662,1.0522716,"Upregulated"
"225464_at",0.007662,1.2955987,"Upregulated"
"203417_at",0.007662,2.1811041,"Upregulated"
"1560850_at",0.007702,-3.6415226,"Downregulated"
"230573_at",0.007702,-2.2435405,"Downregulated"
"224307_x_at",0.007734,-1.1695583,"Downregulated"
"231120_x_at",0.007734,-2.773715,"Downregulated"
"201616_s_at",0.007734,1.5775948,"Upregulated"
"211549_s_at",0.007734,-2.7404028,"Downregulated"
"231704_at",0.007734,-1.1446395,"Downregulated"
"204151_x_at",0.007734,-2.7298538,"Downregulated"
"221731_x_at",0.007734,1.3760699,"Upregulated"
"217428_s_at",0.007734,4.3649872,"Upregulated"
"204362_at",0.007734,1.1228581,"Upregulated"
"233002_at",0.007734,-2.0125141,"Downregulated"
"216442_x_at",0.007734,2.1089024,"Upregulated"
"230096_at",0.007734,-1.1826703,"Downregulated"
"213338_at",0.007734,1.4560434,"Upregulated"
"203940_s_at",0.007734,1.0981434,"Upregulated"
"229655_at",0.007762,2.5820198,"Upregulated"
"214116_at",0.007762,-1.0911358,"Downregulated"
"212112_s_at",0.007779,-1.1146979,"Downregulated"
"208782_at",0.007779,1.3933127,"Upregulated"
"232214_x_at",0.007779,-2.0380731,"Downregulated"
"238852_at",0.007786,2.0463874,"Upregulated"
"219787_s_at",0.007801,1.4763034,"Upregulated"
"212746_s_at",0.007801,1.2424428,"Upregulated"
"202310_s_at",0.007801,2.2098504,"Upregulated"
"228360_at",0.007801,-3.1547356,"Downregulated"
"223475_at",0.007801,2.5712471,"Upregulated"
"206263_at",0.007834,-1.3462941,"Downregulated"
"207033_at",0.007837,-7.7469969,"Downregulated"
"206561_s_at",0.007837,-4.5482946,"Downregulated"
"238811_at",0.007851,-1.2773207,"Downregulated"
"222449_at",0.007868,1.9360001,"Upregulated"
"240934_at",0.007884,-1.0993772,"Downregulated"
"207031_at",0.007884,2.928947,"Upregulated"
"1558139_at",0.007884,2.088069,"Upregulated"
"224371_at",0.007943,-1.8036343,"Downregulated"
"1552608_at",0.007943,-2.3089769,"Downregulated"
"204620_s_at",0.007943,1.3950646,"Upregulated"
"240385_at",0.007943,-1.4084771,"Downregulated"
"219908_at",0.007958,2.5600329,"Upregulated"
"210641_at",0.007958,-3.5024798,"Downregulated"
"1555606_a_at",0.007958,-1.3472788,"Downregulated"
"233876_at",0.007999,-1.1466635,"Downregulated"
"219274_at",0.007999,-1.1263904,"Downregulated"
"1568634_a_at",0.007999,-2.3766201,"Downregulated"
"241981_at",0.007999,-2.0391,"Downregulated"
"201852_x_at",0.008001,1.3184085,"Upregulated"
"217385_at",0.008006,-1.8060351,"Downregulated"
"231463_at",0.008006,-3.5770859,"Downregulated"
"215103_at",0.008006,-2.8554529,"Downregulated"
"240334_at",0.008006,-1.1944521,"Downregulated"
"212594_at",0.008014,-1.6238949,"Downregulated"
"227782_at",0.008014,-3.1920251,"Downregulated"
"233463_at",0.008014,-2.1346231,"Downregulated"
"203913_s_at",0.008014,-3.5085203,"Downregulated"
"229740_at",0.008014,-2.606567,"Downregulated"
"238615_at",0.008014,-1.1987437,"Downregulated"
"213624_at",0.008014,-1.2151709,"Downregulated"
"201535_at",0.008014,-1.4608716,"Downregulated"
"218487_at",0.008014,-1.065235,"Downregulated"
"225726_s_at",0.008014,-1.1431647,"Downregulated"
"238617_at",0.008092,2.0574511,"Upregulated"
"225687_at",0.008144,1.6107055,"Upregulated"
"219562_at",0.008241,-1.6230493,"Downregulated"
"206885_x_at",0.008251,-2.2005077,"Downregulated"
"206556_at",0.008251,-2.8468237,"Downregulated"
"231555_at",0.008251,-1.5507243,"Downregulated"
"208147_s_at",0.008251,-2.5299444,"Downregulated"
"228929_at",0.008251,-1.3401498,"Downregulated"
"216080_s_at",0.008251,1.5694341,"Upregulated"
"1553530_a_at",0.008251,1.0434826,"Upregulated"
"201534_s_at",0.008251,-1.7564404,"Downregulated"
"242271_at",0.008251,-4.0798108,"Downregulated"
"238178_at",0.008251,-1.093515,"Downregulated"
"225874_at",0.008251,-1.488681,"Downregulated"
"233805_at",0.008251,-2.3309018,"Downregulated"
"220318_at",0.008254,-1.8748352,"Downregulated"
"1559631_at",0.008301,-1.0546754,"Downregulated"
"210002_at",0.008304,-1.797253,"Downregulated"
"214091_s_at",0.008304,-1.338384,"Downregulated"
"203167_at",0.008355,1.0471557,"Upregulated"
"1557474_at",0.008355,-2.930879,"Downregulated"
"227629_at",0.008357,-1.8970453,"Downregulated"
"222450_at",0.008361,1.9374348,"Upregulated"
"229006_at",0.008398,-1.2919189,"Downregulated"
"218967_s_at",0.008398,-1.0558976,"Downregulated"
"220161_s_at",0.008486,-1.5895673,"Downregulated"
"217294_s_at",0.008592,1.4491932,"Upregulated"
"1565909_at",0.008618,-1.4229498,"Downregulated"
"209875_s_at",0.008638,3.3893749,"Upregulated"
"208875_s_at",0.008682,1.1034602,"Upregulated"
"212800_at",0.008682,1.1046608,"Upregulated"
"236279_at",0.008682,-1.0884699,"Downregulated"
"206429_at",0.008682,-1.6549697,"Downregulated"
"205102_at",0.008703,-1.4000728,"Downregulated"
"206224_at",0.008703,3.561329,"Upregulated"
"219802_at",0.008703,-1.1209419,"Downregulated"
"201162_at",0.008704,1.3692768,"Upregulated"
"242998_at",0.008764,-3.6224081,"Downregulated"
"213492_at",0.008783,-3.632564,"Downregulated"
"1554714_at",0.008783,-1.8997355,"Downregulated"
"242733_at",0.008783,-3.5182512,"Downregulated"
"1566935_at",0.008785,-1.8326354,"Downregulated"
"219398_at",0.008787,-1.6291401,"Downregulated"
"203074_at",0.008796,2.160444,"Upregulated"
"240826_at",0.008897,2.0162063,"Upregulated"
"206392_s_at",0.008926,2.2302606,"Upregulated"
"204320_at",0.00893,4.4773318,"Upregulated"
"222016_s_at",0.00893,-1.1499849,"Downregulated"
"208440_at",0.009004,-1.4217165,"Downregulated"
"1552834_at",0.009004,-2.9865555,"Downregulated"
"212563_at",0.009004,1.096152,"Upregulated"
"1553907_a_at",0.009004,-2.4707344,"Downregulated"
"1565598_at",0.009123,-1.2090821,"Downregulated"
"204068_at",0.009171,1.059411,"Upregulated"
"220753_s_at",0.009175,-1.1114688,"Downregulated"
"207924_x_at",0.009183,-2.0517433,"Downregulated"
"205165_at",0.009197,1.9216114,"Upregulated"
"214175_x_at",0.009199,1.0021973,"Upregulated"
"202730_s_at",0.009237,-1.2381202,"Downregulated"
"235944_at",0.009254,1.9939599,"Upregulated"
"202766_s_at",0.009268,1.7708897,"Upregulated"
"234556_at",0.009294,-2.957226,"Downregulated"
"226384_at",0.009294,-1.1114821,"Downregulated"
"218029_at",0.009294,1.8383422,"Upregulated"
"206391_at",0.009294,2.3214493,"Upregulated"
"204736_s_at",0.009363,1.6382291,"Upregulated"
"1567219_at",0.009363,1.0499703,"Upregulated"
"231211_s_at",0.009363,-4.1353181,"Downregulated"
"237654_at",0.009363,-1.693181,"Downregulated"
"232929_at",0.009368,-1.0290066,"Downregulated"
"220524_at",0.009368,-1.7681553,"Downregulated"
"243921_at",0.009368,2.4043439,"Upregulated"
"209955_s_at",0.009368,3.9920989,"Upregulated"
"207655_s_at",0.009368,-1.1883016,"Downregulated"
"1554246_at",0.009368,-1.2522631,"Downregulated"
"243562_at",0.009368,-2.4980522,"Downregulated"
"206170_at",0.009368,-2.1689328,"Downregulated"
"1563816_at",0.009368,-1.9289274,"Downregulated"
"232217_at",0.009368,1.4956806,"Upregulated"
"221766_s_at",0.009368,-1.5800376,"Downregulated"
"213964_x_at",0.009368,-1.09992,"Downregulated"
"235420_at",0.009368,-3.3436518,"Downregulated"
"201468_s_at",0.009368,-1.4487058,"Downregulated"
"204704_s_at",0.009369,-4.5435921,"Downregulated"
"205765_at",0.009382,-2.0910967,"Downregulated"
"219979_s_at",0.009382,1.0014325,"Upregulated"
"1567013_at",0.009401,-1.7211358,"Downregulated"
"202952_s_at",0.009411,2.6351668,"Upregulated"
"201111_at",0.009411,1.1679091,"Upregulated"
"230135_at",0.009417,-2.8647426,"Downregulated"
"204437_s_at",0.009432,-2.5936504,"Downregulated"
"1552400_a_at",0.009471,-1.79497,"Downregulated"
"220351_at",0.009523,-2.1517332,"Downregulated"
"1566605_at",0.009547,-1.0603697,"Downregulated"
"232918_at",0.00958,1.5372422,"Upregulated"
"226658_at",0.009614,2.1351529,"Upregulated"
"1563022_at",0.009614,-1.7366366,"Downregulated"
"229147_at",0.009637,-2.0182687,"Downregulated"
"220767_at",0.009673,-1.8640943,"Downregulated"
"238941_at",0.009685,-2.6858405,"Downregulated"
"231882_at",0.009689,1.6998569,"Upregulated"
"1563407_x_at",0.009689,-2.9339337,"Downregulated"
"216058_s_at",0.009726,-2.3867726,"Downregulated"
"233567_at",0.009787,-2.273754,"Downregulated"
"239528_at",0.009793,-1.0703574,"Downregulated"
"205111_s_at",0.00986,-1.7130446,"Downregulated"
"205248_at",0.0099,-1.1248465,"Downregulated"
"211548_s_at",0.009939,-3.4019165,"Downregulated"
"202087_s_at",0.010061,1.5885838,"Upregulated"
"222108_at",0.010062,1.3006662,"Upregulated"
"238095_at",0.010062,-2.2657949,"Downregulated"
"231637_at",0.010128,-1.5765024,"Downregulated"
"1560219_at",0.010128,-1.9743369,"Downregulated"
"234670_at",0.010128,-1.1588444,"Downregulated"
"211964_at",0.010139,1.3943643,"Upregulated"
"204463_s_at",0.01017,1.6628069,"Upregulated"
"221588_x_at",0.01017,-1.6206969,"Downregulated"
"220629_at",0.010235,-2.278786,"Downregulated"
"1553834_at",0.010241,-1.8283797,"Downregulated"
"213905_x_at",0.010342,2.6204491,"Upregulated"
"218986_s_at",0.010376,-2.0275719,"Downregulated"
"239765_at",0.010379,-1.3778838,"Downregulated"
"1559571_a_at",0.010406,-2.1377227,"Downregulated"
"240661_at",0.010406,1.6144814,"Upregulated"
"224480_s_at",0.010406,-2.0779938,"Downregulated"
"219429_at",0.010406,-2.26995,"Downregulated"
"1553776_at",0.010467,-2.3716252,"Downregulated"
"231035_s_at",0.010467,-1.1892961,"Downregulated"
"224396_s_at",0.010467,2.5096667,"Upregulated"
"1568730_at",0.010467,-2.6950627,"Downregulated"
"203914_x_at",0.010467,-3.4797985,"Downregulated"
"206469_x_at",0.010467,-2.1246551,"Downregulated"
"226974_at",0.010467,-1.6753551,"Downregulated"
"1553417_at",0.010467,-1.0253715,"Downregulated"
"205703_at",0.010517,-1.8466829,"Downregulated"
"206293_at",0.010517,-3.677977,"Downregulated"
"208126_s_at",0.010576,-2.8248293,"Downregulated"
"238018_at",0.010591,-3.0572328,"Downregulated"
"236305_at",0.010647,-1.0687045,"Downregulated"
"204030_s_at",0.010647,1.2771946,"Upregulated"
"237863_at",0.010647,2.5949604,"Upregulated"
"225651_at",0.010647,1.0309983,"Upregulated"
"220266_s_at",0.010647,-1.9958316,"Downregulated"
"212077_at",0.010647,1.104454,"Upregulated"
"236726_at",0.010703,-1.83346,"Downregulated"
"208851_s_at",0.010711,2.036229,"Upregulated"
"226799_at",0.010711,1.087545,"Upregulated"
"244353_s_at",0.010711,-2.2245193,"Downregulated"
"217875_s_at",0.010711,1.7410289,"Upregulated"
"228285_at",0.010723,-1.3120788,"Downregulated"
"225457_s_at",0.010739,-1.995057,"Downregulated"
"224560_at",0.010756,1.2070953,"Upregulated"
"205057_s_at",0.010888,-1.2387277,"Downregulated"
"211844_s_at",0.010888,2.1636328,"Upregulated"
"221823_at",0.010888,-1.5924412,"Downregulated"
"212838_at",0.010927,-1.0519054,"Downregulated"
"219758_at",0.010967,1.7087781,"Upregulated"
"234943_at",0.011018,-1.0001366,"Downregulated"
"233555_s_at",0.011049,1.3899689,"Upregulated"
"1560107_at",0.011049,-2.7956611,"Downregulated"
"216381_x_at",0.011049,-2.0848518,"Downregulated"
"229310_at",0.011049,1.1584913,"Upregulated"
"1554962_a_at",0.011049,1.6499524,"Upregulated"
"230485_at",0.011049,-1.010415,"Downregulated"
"240083_at",0.011049,2.063847,"Upregulated"
"1552575_a_at",0.011049,-1.5247845,"Downregulated"
"1557651_x_at",0.011063,-1.0129705,"Downregulated"
"229479_at",0.011143,4.0107578,"Upregulated"
"222245_s_at",0.011143,-1.8744903,"Downregulated"
"224724_at",0.011185,1.4104273,"Upregulated"
"211020_at",0.011217,-1.2491729,"Downregulated"
"222549_at",0.011238,2.6621611,"Upregulated"
"230559_x_at",0.011263,-1.8654365,"Downregulated"
"1552830_at",0.011263,-1.5428948,"Downregulated"
"1563531_at",0.011347,-1.2553438,"Downregulated"
"225481_at",0.011347,1.2705511,"Upregulated"
"225116_at",0.01136,-1.0464924,"Downregulated"
"239156_at",0.011388,-1.1560079,"Downregulated"
"1552801_at",0.011394,-2.5667229,"Downregulated"
"206026_s_at",0.011395,1.8140808,"Upregulated"
"1559820_at",0.011454,-1.0576816,"Downregulated"
"226030_at",0.011454,-1.1334899,"Downregulated"
"225834_at",0.011467,1.802967,"Upregulated"
"205751_at",0.011471,-3.7276808,"Downregulated"
"207191_s_at",0.011489,1.3147677,"Upregulated"
"204718_at",0.011489,-1.3292951,"Downregulated"
"209946_at",0.011513,1.3100541,"Upregulated"
"201425_at",0.011521,-1.0711392,"Downregulated"
"212667_at",0.011523,1.6295402,"Upregulated"
"201088_at",0.011523,1.0010273,"Upregulated"
"211766_s_at",0.011523,-3.7474862,"Downregulated"
"210193_at",0.011523,-1.1113812,"Downregulated"
"1557154_at",0.011523,-2.3913651,"Downregulated"
"208788_at",0.011541,1.0576463,"Upregulated"
"206025_s_at",0.011541,1.8149806,"Upregulated"
"220179_at",0.011563,-2.2363252,"Downregulated"
"210745_at",0.011563,-1.2531624,"Downregulated"
"230315_at",0.011563,-1.0672031,"Downregulated"
"219872_at",0.011563,1.4709153,"Upregulated"
"221558_s_at",0.011563,1.1908233,"Upregulated"
"229373_at",0.011563,-1.7936306,"Downregulated"
"221598_s_at",0.011594,1.0030276,"Upregulated"
"201954_at",0.011609,1.0627691,"Upregulated"
"216481_at",0.011628,-1.7271659,"Downregulated"
"218368_s_at",0.011628,2.1516392,"Upregulated"
"231189_at",0.011628,-1.0448151,"Downregulated"
"231897_at",0.011628,-1.2989623,"Downregulated"
"220299_at",0.011628,-1.0506908,"Downregulated"
"217274_x_at",0.011628,-1.3418595,"Downregulated"
"204697_s_at",0.011802,-3.9972504,"Downregulated"
"213036_x_at",0.011802,-1.377552,"Downregulated"
"225283_at",0.011823,-1.260671,"Downregulated"
"227417_at",0.011823,-1.2912318,"Downregulated"
"1563048_at",0.011823,-1.5931587,"Downregulated"
"201506_at",0.01188,1.0229307,"Upregulated"
"223519_at",0.01188,1.492708,"Upregulated"
"241473_at",0.011883,1.4986183,"Upregulated"
"212132_at",0.011883,1.1055182,"Upregulated"
"214770_at",0.011883,1.297133,"Upregulated"
"239761_at",0.011883,-1.5382305,"Downregulated"
"219147_s_at",0.011883,-1.0618431,"Downregulated"
"209473_at",0.011883,1.0011166,"Upregulated"
"237690_at",0.011883,2.3799838,"Upregulated"
"217558_at",0.011883,-1.6296643,"Downregulated"
"213227_at",0.011903,-1.1929403,"Downregulated"
"230365_at",0.011934,-2.4035736,"Downregulated"
"1559167_x_at",0.011974,-1.1158158,"Downregulated"
"223385_at",0.011974,-1.5503613,"Downregulated"
"208790_s_at",0.011975,1.257544,"Upregulated"
"214235_at",0.011975,-2.0327648,"Downregulated"
"213310_at",0.011975,1.0532168,"Upregulated"
"216781_at",0.011987,-2.3180966,"Downregulated"
"220247_at",0.012122,2.0121784,"Upregulated"
"241672_at",0.012132,-1.8696909,"Downregulated"
"233403_x_at",0.012272,-1.8992449,"Downregulated"
"209380_s_at",0.012272,-1.3320674,"Downregulated"
"229916_at",0.012321,-2.5416155,"Downregulated"
"231887_s_at",0.012332,1.2525687,"Upregulated"
"219901_at",0.012332,1.2271769,"Upregulated"
"219695_at",0.012377,-1.4788659,"Downregulated"
"1559258_a_at",0.012438,3.6214706,"Upregulated"
"243174_at",0.012438,-1.1842255,"Downregulated"
"201231_s_at",0.012443,1.1708531,"Upregulated"
"223427_s_at",0.012523,-1.2963031,"Downregulated"
"242186_x_at",0.012623,-1.341181,"Downregulated"
"211123_at",0.012774,-1.3322323,"Downregulated"
"222956_at",0.012774,-1.9868025,"Downregulated"
"240107_at",0.012809,-1.3763553,"Downregulated"
"238862_at",0.012826,-3.2884294,"Downregulated"
"215100_at",0.012826,-2.6260161,"Downregulated"
"1569887_a_at",0.012841,-1.027754,"Downregulated"
"224546_at",0.012843,-1.5758762,"Downregulated"
"210179_at",0.012843,-4.0307732,"Downregulated"
"235909_at",0.012843,-1.4986221,"Downregulated"
"1569150_x_at",0.012843,2.4145744,"Upregulated"
"200875_s_at",0.012845,1.491275,"Upregulated"
"236308_at",0.012845,-2.4178796,"Downregulated"
"1560659_at",0.012864,-1.2036764,"Downregulated"
"1556156_at",0.013061,-2.3155239,"Downregulated"
"212554_at",0.01309,1.6435162,"Upregulated"
"227211_at",0.013157,1.1271861,"Upregulated"
"206981_at",0.013181,-1.5276092,"Downregulated"
"234992_x_at",0.013196,1.4924956,"Upregulated"
"224099_at",0.013196,-1.5706241,"Downregulated"
"233539_at",0.013196,-1.0754648,"Downregulated"
"1566868_at",0.013196,-1.1352468,"Downregulated"
"204290_s_at",0.013294,-1.6301598,"Downregulated"
"221589_s_at",0.013323,-1.5926986,"Downregulated"
"223063_at",0.013581,1.0147668,"Upregulated"
"235050_at",0.013581,-2.0646441,"Downregulated"
"238621_at",0.013581,-1.1085069,"Downregulated"
"204487_s_at",0.013581,-1.3593017,"Downregulated"
"207981_s_at",0.013581,-5.2815514,"Downregulated"
"231582_at",0.013581,-1.3916204,"Downregulated"
"212489_at",0.013581,1.7720446,"Upregulated"
"242560_at",0.013624,1.0902057,"Upregulated"
"220622_at",0.013637,-2.6002525,"Downregulated"
"213066_at",0.013663,2.1467707,"Upregulated"
"1553249_at",0.013663,-2.618464,"Downregulated"
"230336_at",0.013708,1.8114065,"Upregulated"
"232458_at",0.013788,1.5828783,"Upregulated"
"207522_s_at",0.013839,-1.6370846,"Downregulated"
"229782_at",0.013895,-2.8889786,"Downregulated"
"212372_at",0.013895,1.4417753,"Upregulated"
"207502_at",0.013895,-2.9516937,"Downregulated"
"32128_at",0.013933,1.9057889,"Upregulated"
"241396_at",0.013933,-1.3249012,"Downregulated"
"231646_at",0.013977,-6.2527903,"Downregulated"
"217187_at",0.013977,-2.3917252,"Downregulated"
"243564_at",0.014027,-1.5337143,"Downregulated"
"204078_at",0.014079,1.1793814,"Upregulated"
"224578_at",0.01417,1.0127921,"Upregulated"
"1561135_at",0.014234,-1.0367408,"Downregulated"
"233471_at",0.014459,-2.0751036,"Downregulated"
"230131_x_at",0.014547,-1.1732638,"Downregulated"
"1561589_a_at",0.014552,-1.2362746,"Downregulated"
"210643_at",0.014552,1.822478,"Upregulated"
"208103_s_at",0.014552,1.2179564,"Upregulated"
"213262_at",0.014552,1.0961062,"Upregulated"
"233322_at",0.014552,-1.9054698,"Downregulated"
"234563_at",0.014552,1.7157977,"Upregulated"
"228169_s_at",0.014552,-1.4274401,"Downregulated"
"212501_at",0.014552,1.1777098,"Upregulated"
"1557617_at",0.014617,-1.018873,"Downregulated"
"204965_at",0.014653,-4.1379195,"Downregulated"
"232424_at",0.014655,-1.3215069,"Downregulated"
"212445_s_at",0.014655,-1.1433101,"Downregulated"
"1558152_at",0.014655,1.6061964,"Upregulated"
"220186_s_at",0.014663,-1.6731066,"Downregulated"
"236396_at",0.014674,-1.5523587,"Downregulated"
"226281_at",0.014684,-3.3743002,"Downregulated"
"230875_s_at",0.014792,1.428481,"Upregulated"
"230482_at",0.014831,1.3063044,"Upregulated"
"204619_s_at",0.014885,1.3990109,"Upregulated"
"206262_at",0.014896,-4.1947457,"Downregulated"
"223612_s_at",0.014904,-2.1475361,"Downregulated"
"1552422_at",0.014904,1.6922753,"Upregulated"
"219479_at",0.014904,1.0740089,"Upregulated"
"226185_at",0.014906,-1.357846,"Downregulated"
"221099_at",0.014906,-2.0542727,"Downregulated"
"243582_at",0.014906,-2.9243506,"Downregulated"
"239370_at",0.014907,-2.7689875,"Downregulated"
"231390_at",0.014934,-1.7888195,"Downregulated"
"225097_at",0.01498,-1.0239361,"Downregulated"
"1562327_at",0.015008,-1.9195077,"Downregulated"
"228766_at",0.015031,-1.4051832,"Downregulated"
"234877_x_at",0.015031,-1.0103564,"Downregulated"
"202263_at",0.015031,-1.5166682,"Downregulated"
"200965_s_at",0.015031,-1.2833174,"Downregulated"
"230326_s_at",0.015063,1.0651271,"Upregulated"
"206858_s_at",0.015063,3.6094348,"Upregulated"
"230080_at",0.015065,2.128893,"Upregulated"
"239010_at",0.015065,2.4043836,"Upregulated"
"239196_at",0.015065,-1.4998869,"Downregulated"
"213429_at",0.015065,1.4128064,"Upregulated"
"205199_at",0.015078,-3.7611726,"Downregulated"
"204726_at",0.015118,2.1494241,"Upregulated"
"229070_at",0.015176,-3.1361284,"Downregulated"
"207249_s_at",0.015198,-5.0353225,"Downregulated"
"215712_s_at",0.015285,-1.8991962,"Downregulated"
"217626_at",0.015353,-2.9872316,"Downregulated"
"235651_at",0.015353,-1.4337461,"Downregulated"
"210861_s_at",0.015353,3.177845,"Upregulated"
"223551_at",0.015406,-2.9304274,"Downregulated"
"240770_at",0.015429,-1.5868802,"Downregulated"
"1569722_s_at",0.015429,-1.1685197,"Downregulated"
"1553835_a_at",0.015479,-3.2483067,"Downregulated"
"233833_at",0.015481,-1.0165454,"Downregulated"
"221000_s_at",0.015481,-1.1260732,"Downregulated"
"234406_at",0.015481,-1.6100523,"Downregulated"
"1556166_x_at",0.015481,2.0421453,"Upregulated"
"227314_at",0.015481,1.4245339,"Upregulated"
"201431_s_at",0.015481,1.9589241,"Upregulated"
"241794_at",0.015481,-1.2707333,"Downregulated"
"226051_at",0.015481,1.1789042,"Upregulated"
"218638_s_at",0.01549,1.2507757,"Upregulated"
"202407_s_at",0.015572,1.617934,"Upregulated"
"221686_s_at",0.015572,-1.3020759,"Downregulated"
"217321_x_at",0.015629,-1.7765356,"Downregulated"
"227626_at",0.015643,-1.4690786,"Downregulated"
"219612_s_at",0.01569,-3.4308571,"Downregulated"
"218951_s_at",0.015776,-1.1866186,"Downregulated"
"238202_at",0.015883,-2.2430866,"Downregulated"
"220613_s_at",0.015903,-1.937844,"Downregulated"
"226936_at",0.015955,1.1149964,"Upregulated"
"236418_at",0.01601,-1.8008254,"Downregulated"
"207162_s_at",0.01601,-1.1308227,"Downregulated"
"1555729_a_at",0.016045,-1.5802179,"Downregulated"
"244417_at",0.016086,-1.0206359,"Downregulated"
"237349_at",0.016137,-1.0200622,"Downregulated"
"244643_at",0.016197,-2.6102247,"Downregulated"
"211762_s_at",0.016197,1.1263889,"Upregulated"
"212814_at",0.016197,-1.3786257,"Downregulated"
"1568598_at",0.016197,-3.2966648,"Downregulated"
"1565581_at",0.016197,-1.7500451,"Downregulated"
"221870_at",0.0162,1.5585236,"Upregulated"
"1568647_at",0.0162,-1.9116079,"Downregulated"
"216432_at",0.0162,-1.7369608,"Downregulated"
"222294_s_at",0.0162,-1.4530338,"Downregulated"
"240655_at",0.0162,-1.2791326,"Downregulated"
"237744_at",0.0162,-1.3166942,"Downregulated"
"216852_x_at",0.016309,-1.9342528,"Downregulated"
"201785_at",0.016309,-2.5086825,"Downregulated"
"212224_at",0.016362,-2.0033508,"Downregulated"
"213325_at",0.016377,-1.4422395,"Downregulated"
"219610_at",0.016387,-1.8191558,"Downregulated"
"209866_s_at",0.016387,-1.7292498,"Downregulated"
"1559687_at",0.01641,-1.6193845,"Downregulated"
"214234_s_at",0.01641,-2.0545274,"Downregulated"
"1566690_at",0.01641,-1.9315908,"Downregulated"
"217426_at",0.01641,2.045628,"Upregulated"
"203693_s_at",0.01641,1.2006795,"Upregulated"
"1557400_at",0.01641,-1.0702778,"Downregulated"
"220789_s_at",0.01641,1.9239517,"Upregulated"
"201348_at",0.01641,-1.6201557,"Downregulated"
"206529_x_at",0.016414,-1.4081048,"Downregulated"
"207808_s_at",0.016417,1.3813334,"Upregulated"
"237262_at",0.016456,-1.005491,"Downregulated"
"219401_at",0.016512,-1.2980294,"Downregulated"
"243020_at",0.016512,-1.0464345,"Downregulated"
"1564802_at",0.016512,-1.0615154,"Downregulated"
"1554018_at",0.016608,1.8061795,"Upregulated"
"239828_at",0.016638,-1.7514265,"Downregulated"
"213790_at",0.016649,1.8810696,"Upregulated"
"222877_at",0.016686,1.5582725,"Upregulated"
"217404_s_at",0.016686,-2.9263455,"Downregulated"
"210119_at",0.016686,-3.4550578,"Downregulated"
"226621_at",0.016686,1.0635008,"Upregulated"
"1559739_at",0.016686,-1.1954015,"Downregulated"
"1553722_s_at",0.016686,-1.4686468,"Downregulated"
"216997_x_at",0.0167,-1.1895472,"Downregulated"
"217022_s_at",0.016747,-4.1443198,"Downregulated"
"237747_at",0.016747,-1.4491214,"Downregulated"
"229254_at",0.016833,-4.0547438,"Downregulated"
"241762_at",0.016877,1.5221008,"Upregulated"
"201346_at",0.017014,-1.1346466,"Downregulated"
"1554600_s_at",0.017098,1.080103,"Upregulated"
"1554277_s_at",0.017111,1.5160375,"Upregulated"
"228184_at",0.017113,-1.4249395,"Downregulated"
"225662_at",0.017117,1.1088028,"Upregulated"
"240522_at",0.017133,-1.97918,"Downregulated"
"1552519_at",0.017214,-1.1927015,"Downregulated"
"211082_x_at",0.017214,-1.6637202,"Downregulated"
"227306_at",0.017214,-2.9994809,"Downregulated"
"223541_at",0.017214,-1.6229815,"Downregulated"
"219527_at",0.017221,-1.0047757,"Downregulated"
"215300_s_at",0.017265,-1.5533331,"Downregulated"
"204338_s_at",0.017342,2.3838246,"Upregulated"
"205282_at",0.017415,1.7412581,"Upregulated"
"206311_s_at",0.017416,-3.1026942,"Downregulated"
"203186_s_at",0.017484,1.5286594,"Upregulated"
"219693_at",0.017484,1.398365,"Upregulated"
"206144_at",0.017502,-1.0271113,"Downregulated"
"228807_at",0.017569,-1.7155664,"Downregulated"
"208486_at",0.017569,-2.2929841,"Downregulated"
"211709_s_at",0.017569,1.892234,"Upregulated"
"1559640_at",0.01761,-1.5927829,"Downregulated"
"213194_at",0.01761,1.0727093,"Upregulated"
"205757_at",0.01761,-1.5314077,"Downregulated"
"231936_at",0.017673,3.135436,"Upregulated"
"211441_x_at",0.017673,-1.3304183,"Downregulated"
"1556205_at",0.017673,-1.4365993,"Downregulated"
"1558411_at",0.017673,-1.8259122,"Downregulated"
"207885_at",0.017673,-3.3483847,"Downregulated"
"234122_at",0.017673,-1.4608019,"Downregulated"
"207172_s_at",0.017715,1.2264006,"Upregulated"
"221928_at",0.017763,-1.2154428,"Downregulated"
"221841_s_at",0.017766,-1.7449009,"Downregulated"
"228824_s_at",0.017777,-1.2740117,"Downregulated"
"228686_at",0.017777,-1.0712591,"Downregulated"
"211357_s_at",0.017878,-3.6869605,"Downregulated"
"238194_at",0.017918,-2.3756396,"Downregulated"
"206069_s_at",0.017918,-2.9187406,"Downregulated"
"231782_s_at",0.017979,-1.8519366,"Downregulated"
"220630_s_at",0.018043,-5.7033941,"Downregulated"
"1560456_at",0.018043,-1.9336265,"Downregulated"
"206522_at",0.018066,-2.842309,"Downregulated"
"223569_at",0.01807,-1.2761778,"Downregulated"
"225299_at",0.01807,-1.7144104,"Downregulated"
"216297_at",0.01807,-1.1975201,"Downregulated"
"232164_s_at",0.01807,1.5061763,"Upregulated"
"209118_s_at",0.01807,1.2919145,"Upregulated"
"1555151_s_at",0.018145,-1.8781317,"Downregulated"
"209696_at",0.018156,-1.3654888,"Downregulated"
"202765_s_at",0.018156,1.5110088,"Upregulated"
"219736_at",0.018156,-1.8840717,"Downregulated"
"201109_s_at",0.018298,1.3027375,"Upregulated"
"202145_at",0.018298,2.1620569,"Upregulated"
"215319_at",0.018458,-1.8577984,"Downregulated"
"228707_at",0.018489,-1.7241823,"Downregulated"
"235836_at",0.018492,2.1877901,"Upregulated"
"221696_s_at",0.018493,-2.1298366,"Downregulated"
"217440_at",0.018493,-2.2836369,"Downregulated"
"205776_at",0.018511,-1.5383639,"Downregulated"
"241929_at",0.018528,-1.0857385,"Downregulated"
"217645_at",0.01862,-1.1374726,"Downregulated"
"231191_at",0.018638,-1.0911124,"Downregulated"
"223487_x_at",0.018638,1.2302162,"Upregulated"
"209406_at",0.018644,1.4080221,"Upregulated"
"213868_s_at",0.018644,-1.2007787,"Downregulated"
"228865_at",0.018762,-1.4438972,"Downregulated"
"206372_at",0.018766,-1.9286175,"Downregulated"
"1556737_at",0.018766,-1.2763771,"Downregulated"
"231644_at",0.018766,-1.1629518,"Downregulated"
"229599_at",0.0188,-1.0996604,"Downregulated"
"1570444_at",0.0188,-1.6288192,"Downregulated"
"205997_at",0.0188,-2.313408,"Downregulated"
"214255_at",0.018845,1.0579525,"Upregulated"
"226918_at",0.018845,-1.7585763,"Downregulated"
"204810_s_at",0.018875,-3.1251946,"Downregulated"
"211148_s_at",0.01891,1.9425615,"Upregulated"
"1555816_at",0.018925,-1.6405398,"Downregulated"
"208063_s_at",0.018925,-4.1286052,"Downregulated"
"241137_at",0.018939,-4.8298945,"Downregulated"
"1554983_at",0.018958,-1.8166195,"Downregulated"
"238128_at",0.018983,-1.8165371,"Downregulated"
"233513_at",0.018983,-1.4444093,"Downregulated"
"1560513_at",0.019018,-1.6073139,"Downregulated"
"235629_at",0.019037,1.790451,"Upregulated"
"218051_s_at",0.019037,1.9077856,"Upregulated"
"206742_at",0.019181,-2.3610364,"Downregulated"
"239929_at",0.019181,-1.4700382,"Downregulated"
"225665_at",0.019181,1.3053188,"Upregulated"
"201739_at",0.019216,-1.4310491,"Downregulated"
"238144_s_at",0.019226,1.4244627,"Upregulated"
"234510_at",0.019317,-2.3063138,"Downregulated"
"222272_x_at",0.019374,-1.4133838,"Downregulated"
"1556123_a_at",0.019398,-1.0050499,"Downregulated"
"205713_s_at",0.019474,3.0957356,"Upregulated"
"232165_at",0.019518,1.3559071,"Upregulated"
"211564_s_at",0.019518,1.883343,"Upregulated"
"213456_at",0.019518,-5.7023331,"Downregulated"
"203561_at",0.019518,1.1259109,"Upregulated"
"239261_s_at",0.019518,1.8894246,"Upregulated"
"1570433_at",0.019518,-1.9015228,"Downregulated"
"1562308_at",0.019518,1.9612569,"Upregulated"
"219304_s_at",0.019545,-1.6887199,"Downregulated"
"229151_at",0.019591,-1.6499485,"Downregulated"
"216138_at",0.019676,-1.2580638,"Downregulated"
"205166_at",0.019676,-1.0345919,"Downregulated"
"1556368_at",0.019676,-2.0853576,"Downregulated"
"224031_at",0.019735,-1.2866229,"Downregulated"
"224579_at",0.01977,1.244251,"Upregulated"
"1564049_at",0.019872,-2.4509451,"Downregulated"
"206492_at",0.019886,-1.1607973,"Downregulated"
"203817_at",0.019886,1.2904337,"Upregulated"
"206915_at",0.019902,-3.0370121,"Downregulated"
"1557589_a_at",0.019999,-1.5847921,"Downregulated"
"229296_at",0.019999,1.888864,"Upregulated"
"214511_x_at",0.019999,1.2545805,"Upregulated"
"1563414_at",0.020044,2.0504757,"Upregulated"
"227628_at",0.020044,1.5477366,"Upregulated"
"235650_at",0.020044,-1.6927572,"Downregulated"
"234549_at",0.020044,2.2239132,"Upregulated"
"227660_at",0.020044,1.7530691,"Upregulated"
"232985_s_at",0.020044,-1.8893553,"Downregulated"
"229004_at",0.020044,-1.2711574,"Downregulated"
"1553938_a_at",0.020044,-1.9083497,"Downregulated"
"209703_x_at",0.020061,-1.5925265,"Downregulated"
"240242_at",0.020061,-2.7075624,"Downregulated"
"1562678_at",0.020067,-2.1664704,"Downregulated"
"233565_s_at",0.020094,-1.5849818,"Downregulated"
"244282_at",0.020094,-1.4733507,"Downregulated"
"209198_s_at",0.020094,1.1546739,"Upregulated"
"1560135_at",0.020094,-1.060318,"Downregulated"
"239058_at",0.020094,1.1966705,"Upregulated"
"1555786_s_at",0.020106,-2.1337498,"Downregulated"
"235766_x_at",0.020106,-1.496067,"Downregulated"
"202017_at",0.020106,-1.0044915,"Downregulated"
"205479_s_at",0.020106,1.4590685,"Upregulated"
"234475_x_at",0.020106,-1.609269,"Downregulated"
"204992_s_at",0.020111,1.2146758,"Upregulated"
"215184_at",0.020179,-1.1383798,"Downregulated"
"214433_s_at",0.020179,-1.7464584,"Downregulated"
"229831_at",0.020179,-2.7838521,"Downregulated"
"216950_s_at",0.020224,1.3006294,"Upregulated"
"209408_at",0.02026,1.3373829,"Upregulated"
"243501_at",0.02029,-1.06749,"Downregulated"
"233486_at",0.020365,-1.1020466,"Downregulated"
"221095_s_at",0.020365,-5.630381,"Downregulated"
"228251_at",0.020365,1.4222722,"Upregulated"
"224028_at",0.020435,-2.2257072,"Downregulated"
"220979_s_at",0.020435,1.1340292,"Upregulated"
"214390_s_at",0.020435,1.9036485,"Upregulated"
"206018_at",0.020437,-1.9271168,"Downregulated"
"233259_at",0.020505,-2.0447968,"Downregulated"
"211764_s_at",0.020521,1.1019296,"Upregulated"
"227172_at",0.020585,-1.3557928,"Downregulated"
"1552752_a_at",0.020625,-1.0093629,"Downregulated"
"1560728_at",0.020676,-2.1616975,"Downregulated"
"226545_at",0.020676,1.1533416,"Upregulated"
"1563596_at",0.02069,-1.177403,"Downregulated"
"202715_at",0.02069,1.4883526,"Upregulated"
"230358_at",0.020707,-1.5407223,"Downregulated"
"239045_at",0.020707,-1.0414838,"Downregulated"
"231139_at",0.020711,-1.1001149,"Downregulated"
"204778_x_at",0.020711,1.3763753,"Upregulated"
"239673_at",0.020753,-1.777349,"Downregulated"
"231669_at",0.020815,-1.9497715,"Downregulated"
"235911_at",0.020815,2.0803457,"Upregulated"
"1566168_at",0.020815,-1.7476317,"Downregulated"
"220615_s_at",0.02082,1.3713603,"Upregulated"
"225280_x_at",0.020844,-1.1872528,"Downregulated"
"214844_s_at",0.020854,1.4560517,"Upregulated"
"242494_at",0.020869,1.3221683,"Upregulated"
"241362_at",0.020951,1.7319749,"Upregulated"
"207018_s_at",0.020951,-2.0379563,"Downregulated"
"220017_x_at",0.020988,-2.9892353,"Downregulated"
"203821_at",0.020988,-1.0227022,"Downregulated"
"241592_at",0.02104,-1.3009458,"Downregulated"
"241710_at",0.021072,1.9971765,"Upregulated"
"204639_at",0.021097,-1.5204753,"Downregulated"
"242419_at",0.021103,-2.1078493,"Downregulated"
"205958_x_at",0.02115,-2.1283284,"Downregulated"
"214117_s_at",0.021205,-1.0118941,"Downregulated"
"202202_s_at",0.021205,1.0298134,"Upregulated"
"1552370_at",0.021205,-1.0650317,"Downregulated"
"215406_at",0.021205,-1.9852507,"Downregulated"
"217376_at",0.021209,-1.0791285,"Downregulated"
"202450_s_at",0.021285,1.0856425,"Upregulated"
"202363_at",0.021363,2.4457301,"Upregulated"
"242723_at",0.021372,1.296954,"Upregulated"
"213150_at",0.02139,3.9306606,"Upregulated"
"204281_at",0.021441,1.4465346,"Upregulated"
"211497_x_at",0.021441,-1.0989647,"Downregulated"
"221590_s_at",0.021441,-1.5978317,"Downregulated"
"239065_at",0.021441,-1.2006075,"Downregulated"
"231342_at",0.021441,-1.0862419,"Downregulated"
"202827_s_at",0.021441,1.2576651,"Upregulated"
"229778_at",0.021441,-2.308769,"Downregulated"
"221942_s_at",0.021459,1.6859456,"Upregulated"
"225496_s_at",0.021475,-1.6310688,"Downregulated"
"1564248_at",0.021475,-1.2491774,"Downregulated"
"1553613_s_at",0.021475,1.9419595,"Upregulated"
"215646_s_at",0.021502,1.4245223,"Upregulated"
"205404_at",0.021502,1.0567162,"Upregulated"
"1569688_at",0.021506,-1.8521345,"Downregulated"
"1556389_at",0.021506,1.1724254,"Upregulated"
"231230_at",0.021606,-1.3329003,"Downregulated"
"214111_at",0.021606,-2.1203242,"Downregulated"
"235262_at",0.021669,-1.8450807,"Downregulated"
"212510_at",0.02168,-1.1007151,"Downregulated"
"243198_at",0.021738,-1.0360057,"Downregulated"
"222581_at",0.021791,1.0242485,"Upregulated"
"219890_at",0.021878,2.6024828,"Upregulated"
"205869_at",0.021884,-3.0771018,"Downregulated"
"215115_x_at",0.021888,-1.5137456,"Downregulated"
"223775_at",0.021906,-2.471043,"Downregulated"
"40472_at",0.021906,-1.2598274,"Downregulated"
"205857_at",0.021906,-1.3635039,"Downregulated"
"206346_at",0.021906,-1.4072576,"Downregulated"
"241158_at",0.021906,-1.2111311,"Downregulated"
"216208_s_at",0.021988,-1.6858254,"Downregulated"
"212190_at",0.021988,1.3763447,"Upregulated"
"207478_at",0.021988,-1.8087351,"Downregulated"
"207378_at",0.021988,-2.0371363,"Downregulated"
"217047_s_at",0.021992,-1.3247784,"Downregulated"
"1564285_at",0.021992,-2.0116652,"Downregulated"
"226777_at",0.022039,2.1650817,"Upregulated"
"219733_s_at",0.022057,1.4193802,"Upregulated"
"1554728_at",0.02209,-1.6523882,"Downregulated"
"228232_s_at",0.022091,-3.5781141,"Downregulated"
"221898_at",0.02219,1.0614581,"Upregulated"
"1560062_at",0.02219,-1.9201945,"Downregulated"
"233679_at",0.022213,1.3421768,"Upregulated"
"201645_at",0.022244,1.6581862,"Upregulated"
"1552976_at",0.022289,-1.1175026,"Downregulated"
"213953_at",0.022388,-4.9029064,"Downregulated"
"217238_s_at",0.022388,-3.6760952,"Downregulated"
"226865_at",0.022411,1.0861147,"Upregulated"
"209515_s_at",0.022461,-1.5175324,"Downregulated"
"202273_at",0.022465,1.0758785,"Upregulated"
"236034_at",0.02252,1.4852248,"Upregulated"
"221880_s_at",0.02252,-1.3832265,"Downregulated"
"210869_s_at",0.022567,1.1348139,"Upregulated"
"220421_at",0.022567,-3.3285931,"Downregulated"
"208146_s_at",0.022577,1.1828109,"Upregulated"
"200838_at",0.022631,1.1901434,"Upregulated"
"209990_s_at",0.022631,-1.4425446,"Downregulated"
"1560819_a_at",0.022674,-1.2172065,"Downregulated"
"1556784_at",0.022706,-1.2816444,"Downregulated"
"204006_s_at",0.022716,1.406706,"Upregulated"
"204705_x_at",0.022721,-4.0257662,"Downregulated"
"1559276_at",0.022723,-2.9520888,"Downregulated"
"229241_at",0.022747,-2.1590516,"Downregulated"
"214477_at",0.022748,-2.0115955,"Downregulated"
"226517_at",0.022755,1.5415553,"Upregulated"
"205343_at",0.022767,-3.3593644,"Downregulated"
"206310_at",0.022797,-3.2489019,"Downregulated"
"37590_g_at",0.02284,-1.4799603,"Downregulated"
"227212_s_at",0.022848,1.0887955,"Upregulated"
"242100_at",0.022848,1.5482059,"Upregulated"
"205032_at",0.022856,1.1426604,"Upregulated"
"1566177_at",0.022857,-1.6320174,"Downregulated"
"208555_x_at",0.022857,2.077719,"Upregulated"
"1565597_at",0.022888,-1.2187335,"Downregulated"
"1570031_at",0.022888,-1.914156,"Downregulated"
"203767_s_at",0.02295,-1.6370152,"Downregulated"
"230390_at",0.023012,-1.3750975,"Downregulated"
"217078_s_at",0.023136,2.2035677,"Upregulated"
"204298_s_at",0.02316,1.4130756,"Upregulated"
"218959_at",0.02316,2.4421411,"Upregulated"
"242589_x_at",0.02316,-1.8563975,"Downregulated"
"227750_at",0.023223,-1.0518604,"Downregulated"
"205632_s_at",0.023223,-1.1427289,"Downregulated"
"218537_at",0.023235,1.8425644,"Upregulated"
"1565613_at",0.023235,-2.3329378,"Downregulated"
"1561446_at",0.023302,-2.3601977,"Downregulated"
"224016_at",0.023336,-1.3931688,"Downregulated"
"227276_at",0.023336,1.063976,"Upregulated"
"205051_s_at",0.023336,-1.6767525,"Downregulated"
"220339_s_at",0.023371,-1.3063011,"Downregulated"
"206410_at",0.023381,-1.9638958,"Downregulated"
"231275_at",0.023381,-2.7329921,"Downregulated"
"214639_s_at",0.023443,1.5251614,"Upregulated"
"213397_x_at",0.023465,-1.4494237,"Downregulated"
"218252_at",0.023466,1.1621333,"Upregulated"
"222675_s_at",0.023467,-1.6250384,"Downregulated"
"1561472_at",0.023622,1.5825123,"Upregulated"
"241446_at",0.023622,-1.834226,"Downregulated"
"205969_at",0.023622,-2.8578488,"Downregulated"
"205874_at",0.023757,-1.872743,"Downregulated"
"1559989_at",0.023829,1.7949796,"Upregulated"
"225009_at",0.023829,-1.0857366,"Downregulated"
"209596_at",0.023829,1.2291206,"Upregulated"
"231290_at",0.023829,-1.1914932,"Downregulated"
"220335_x_at",0.023829,-1.279933,"Downregulated"
"210461_s_at",0.023836,-1.0461429,"Downregulated"
"201508_at",0.023836,1.0041403,"Upregulated"
"211422_at",0.023987,-1.7286506,"Downregulated"
"225328_at",0.023987,1.5736497,"Upregulated"
"209569_x_at",0.024024,-1.2410998,"Downregulated"
"232806_s_at",0.024065,1.7062584,"Upregulated"
"210997_at",0.024088,1.0922724,"Upregulated"
"240131_at",0.024088,-1.5508036,"Downregulated"
"205648_at",0.024111,2.9045303,"Upregulated"
"227739_at",0.024225,-1.5280429,"Downregulated"
"209867_s_at",0.024229,-1.5992088,"Downregulated"
"210065_s_at",0.024235,-3.4986969,"Downregulated"
"208268_at",0.024294,-2.2857793,"Downregulated"
"232245_at",0.024356,-1.659404,"Downregulated"
"200872_at",0.024356,1.1200145,"Upregulated"
"212400_at",0.024356,-1.0064028,"Downregulated"
"224458_at",0.024356,-1.0647513,"Downregulated"
"243155_at",0.024356,-1.8437349,"Downregulated"
"223488_s_at",0.024356,1.680707,"Upregulated"
"1555773_at",0.024356,-1.9073764,"Downregulated"
"218696_at",0.024356,-1.0602386,"Downregulated"
"218035_s_at",0.024356,-1.0800135,"Downregulated"
"225803_at",0.024454,1.3512137,"Upregulated"
"239291_at",0.024462,-1.1407413,"Downregulated"
"206334_at",0.024479,-6.6149979,"Downregulated"
"216595_at",0.024515,-1.1313886,"Downregulated"
"230663_at",0.024543,1.2521284,"Upregulated"
"232914_s_at",0.024543,-1.4488958,"Downregulated"
"235747_at",0.024546,-1.1278754,"Downregulated"
"1562568_at",0.024582,-2.2198764,"Downregulated"
"205158_at",0.024606,-1.4971828,"Downregulated"
"205523_at",0.024628,-2.89907,"Downregulated"
"1554874_at",0.024628,-1.2926758,"Downregulated"
"219457_s_at",0.02468,1.9390182,"Upregulated"
"229369_at",0.024691,-3.4440948,"Downregulated"
"1554314_at",0.024766,-1.4691679,"Downregulated"
"215844_at",0.024821,-1.536879,"Downregulated"
"220332_at",0.024827,1.8149263,"Upregulated"
"210404_x_at",0.024841,-1.4808836,"Downregulated"
"1554683_a_at",0.024842,-1.4194929,"Downregulated"
"1569419_at",0.024842,-1.1425289,"Downregulated"
"228307_at",0.024842,-1.0331406,"Downregulated"
"223229_at",0.024842,1.1453071,"Upregulated"
"240152_at",0.024842,1.0078151,"Upregulated"
"232331_at",0.024863,-1.0548128,"Downregulated"
"232628_at",0.024863,-1.2702306,"Downregulated"
"230888_at",0.024863,-1.265304,"Downregulated"
"212478_at",0.024863,1.7626182,"Upregulated"
"244464_at",0.024881,1.0506483,"Upregulated"
"232994_s_at",0.024886,-1.254375,"Downregulated"
"210476_s_at",0.024923,-1.4275368,"Downregulated"
"219275_at",0.024923,1.1483447,"Upregulated"
"213610_s_at",0.024924,1.4871375,"Upregulated"
"218237_s_at",0.024924,1.147711,"Upregulated"
"202327_s_at",0.024924,-1.2893982,"Downregulated"
"232083_at",0.024924,-1.2247206,"Downregulated"
"237722_at",0.024963,-1.957146,"Downregulated"
"218308_at",0.024967,1.3980424,"Upregulated"
"204464_s_at",0.025019,1.2067984,"Upregulated"
"211080_s_at",0.025082,1.519589,"Upregulated"
"1562558_at",0.025192,-1.961037,"Downregulated"
"204712_at",0.025218,-2.7227756,"Downregulated"
"243326_at",0.025233,-1.6814256,"Downregulated"
"209924_at",0.025243,2.3681227,"Upregulated"
"233527_at",0.025243,-1.0908183,"Downregulated"
"213658_at",0.025243,-1.7119245,"Downregulated"
"222167_at",0.025248,-1.2539627,"Downregulated"
"205259_at",0.025248,-1.6342947,"Downregulated"
"224428_s_at",0.025256,1.2650782,"Upregulated"
"240228_at",0.025256,-1.9974898,"Downregulated"
"210220_at",0.025302,1.2734265,"Upregulated"
"229223_at",0.025331,-1.4294887,"Downregulated"
"225801_at",0.025352,1.5787792,"Upregulated"
"203474_at",0.025413,-1.6003618,"Downregulated"
"202973_x_at",0.025442,-1.3190098,"Downregulated"
"232501_at",0.025482,1.4459351,"Upregulated"
"225548_at",0.025549,-1.1243377,"Downregulated"
"202756_s_at",0.025567,1.20232,"Upregulated"
"227113_at",0.025594,-2.2283229,"Downregulated"
"219370_at",0.025594,-1.9508244,"Downregulated"
"228796_at",0.025726,-2.1405346,"Downregulated"
"222760_at",0.025737,1.7455421,"Upregulated"
"224456_s_at",0.025807,-1.0594378,"Downregulated"
"227320_at",0.025883,-1.9243502,"Downregulated"
"1560227_at",0.025948,-1.0859264,"Downregulated"
"1568904_at",0.025999,-1.8221691,"Downregulated"
"219253_at",0.026003,1.0108266,"Upregulated"
"233731_at",0.02601,-1.0478435,"Downregulated"
"239378_at",0.026142,-1.8441263,"Downregulated"
"230240_at",0.026142,1.5987026,"Upregulated"
"1561101_at",0.026183,-2.0500225,"Downregulated"
"218888_s_at",0.026197,1.1493118,"Upregulated"
"208300_at",0.026246,-1.4243194,"Downregulated"
"205891_at",0.026246,1.5254708,"Upregulated"
"222860_s_at",0.026254,-1.2892854,"Downregulated"
"213657_s_at",0.026272,-1.4613246,"Downregulated"
"234795_at",0.026272,-2.1295377,"Downregulated"
"1554899_s_at",0.026295,1.0802813,"Upregulated"
"217138_x_at",0.026304,-2.0434163,"Downregulated"
"1564236_at",0.026308,-1.9626455,"Downregulated"
"242324_x_at",0.02631,-1.6603055,"Downregulated"
"243555_at",0.02631,1.5282091,"Upregulated"
"212741_at",0.026346,-1.8092486,"Downregulated"
"241970_at",0.026398,-1.5445081,"Downregulated"
"220999_s_at",0.026497,-1.3882239,"Downregulated"
"226955_at",0.026559,1.1974123,"Upregulated"
"215785_s_at",0.026626,-1.3859069,"Downregulated"
"201147_s_at",0.026876,1.2119727,"Upregulated"
"230640_at",0.026876,1.119635,"Upregulated"
"213712_at",0.026944,1.4589405,"Upregulated"
"225822_at",0.026944,-1.0342332,"Downregulated"
"214192_at",0.027015,-2.4451084,"Downregulated"
"234079_at",0.027015,-1.1438731,"Downregulated"
"221909_at",0.027036,1.9679677,"Upregulated"
"235065_at",0.027087,-1.0945642,"Downregulated"
"244773_at",0.027087,-1.1762142,"Downregulated"
"237109_at",0.027087,-1.296162,"Downregulated"
"230369_at",0.027087,1.2876908,"Upregulated"
"230930_at",0.027087,1.1430358,"Upregulated"
"210370_s_at",0.027103,-2.7653345,"Downregulated"
"241715_x_at",0.02715,-1.5485139,"Downregulated"
"219637_at",0.02715,1.0958029,"Upregulated"
"203367_at",0.02715,1.0207002,"Upregulated"
"1560901_at",0.027168,-1.1913464,"Downregulated"
"228904_at",0.027187,1.1680777,"Upregulated"
"234467_at",0.027252,-2.264728,"Downregulated"
"1561390_at",0.027267,-1.4053076,"Downregulated"
"228955_at",0.027292,1.706568,"Upregulated"
"204492_at",0.027321,1.056034,"Upregulated"
"211966_at",0.027332,1.0064443,"Upregulated"
"227933_at",0.027347,2.0136853,"Upregulated"
"240176_at",0.027416,1.3145143,"Upregulated"
"229059_at",0.02747,1.8992921,"Upregulated"
"205709_s_at",0.027511,-1.1740726,"Downregulated"
"240501_at",0.027516,-1.4367754,"Downregulated"
"236352_at",0.027516,-1.2978107,"Downregulated"
"219263_at",0.027516,-1.1386694,"Downregulated"
"216296_at",0.027548,-1.1334273,"Downregulated"
"242874_at",0.027548,-1.4155111,"Downregulated"
"210045_at",0.027548,-1.3160636,"Downregulated"
"213496_at",0.027548,1.7605381,"Upregulated"
"201058_s_at",0.027548,1.4971201,"Upregulated"
"210082_at",0.027548,-1.9332664,"Downregulated"
"204163_at",0.027548,1.3275217,"Upregulated"
"219671_at",0.027548,-1.6113388,"Downregulated"
"203770_s_at",0.027548,-2.0787537,"Downregulated"
"228708_at",0.027559,-2.0481254,"Downregulated"
"226266_at",0.027559,1.6993412,"Upregulated"
"234379_at",0.027565,-1.8357279,"Downregulated"
"208566_at",0.027565,-2.0266357,"Downregulated"
"1562631_at",0.027566,-1.9543467,"Downregulated"
"205650_s_at",0.027612,-3.4604134,"Downregulated"
"229720_at",0.027652,-1.1141969,"Downregulated"
"238428_at",0.027652,-2.0019188,"Downregulated"
"228507_at",0.027652,1.7439374,"Upregulated"
"43427_at",0.027657,-1.1071961,"Downregulated"
"205991_s_at",0.027657,1.0920162,"Upregulated"
"223496_s_at",0.027657,1.8627883,"Upregulated"
"215200_x_at",0.027664,-1.0454561,"Downregulated"
"1554809_at",0.027712,-1.2941227,"Downregulated"
"244276_at",0.027732,-1.0759578,"Downregulated"
"1569149_at",0.027732,1.9635183,"Upregulated"
"204589_at",0.027732,1.1334593,"Upregulated"
"214419_s_at",0.027732,-1.381405,"Downregulated"
"238048_at",0.02785,-1.2306972,"Downregulated"
"1561741_at",0.027851,-1.7797272,"Downregulated"
"238196_at",0.027939,-2.3654917,"Downregulated"
"235832_at",0.02803,-2.2553497,"Downregulated"
"209981_at",0.02803,1.3937297,"Upregulated"
"219017_at",0.02804,-1.4271652,"Downregulated"
"208789_at",0.028046,1.0756285,"Upregulated"
"221565_s_at",0.028047,1.6093655,"Upregulated"
"222853_at",0.028048,-1.4080568,"Downregulated"
"209988_s_at",0.028054,-3.3759708,"Downregulated"
"204083_s_at",0.028085,1.5653552,"Upregulated"
"208034_s_at",0.028207,-1.4516163,"Downregulated"
"243856_at",0.028223,-1.4141538,"Downregulated"
"206273_at",0.028289,1.8560333,"Upregulated"
"207285_x_at",0.028384,-2.3143701,"Downregulated"
"203612_at",0.028465,1.6202679,"Upregulated"
"242373_at",0.028533,-1.4345803,"Downregulated"
"218863_s_at",0.028533,1.8372075,"Upregulated"
"217283_at",0.028533,-1.5184639,"Downregulated"
"224095_at",0.028569,-1.8167966,"Downregulated"
"217240_at",0.028569,-1.5621837,"Downregulated"
"234323_at",0.028631,-1.4085029,"Downregulated"
"219752_at",0.028631,-1.1037691,"Downregulated"
"226992_at",0.028644,-1.4880205,"Downregulated"
"244771_at",0.028644,-1.2553963,"Downregulated"
"219410_at",0.028667,1.1230017,"Upregulated"
"205722_s_at",0.0287,-1.5268309,"Downregulated"
"203641_s_at",0.0287,-1.0694382,"Downregulated"
"214587_at",0.0287,2.1017053,"Upregulated"
"203924_at",0.0287,-4.3927496,"Downregulated"
"227014_at",0.028834,-1.5740709,"Downregulated"
"234940_s_at",0.02889,-1.7416181,"Downregulated"
"223079_s_at",0.028894,1.0346403,"Upregulated"
"201389_at",0.028894,1.2862179,"Upregulated"
"229385_s_at",0.028894,-1.262154,"Downregulated"
"208060_at",0.028964,-1.5202103,"Downregulated"
"210868_s_at",0.028964,-1.1956188,"Downregulated"
"206535_at",0.028985,-3.1639635,"Downregulated"
"221215_s_at",0.028985,-1.28047,"Downregulated"
"226646_at",0.028985,-1.493041,"Downregulated"
"1554880_at",0.029014,-1.757862,"Downregulated"
"238542_at",0.029113,2.1492289,"Upregulated"
"229530_at",0.029163,1.4804834,"Upregulated"
"204268_at",0.029163,2.1437121,"Upregulated"
"214420_s_at",0.029168,-1.8941528,"Downregulated"
"235318_at",0.029223,1.111541,"Upregulated"
"206204_at",0.029245,1.911508,"Upregulated"
"1559746_a_at",0.029267,-1.0952828,"Downregulated"
"1569583_at",0.029287,1.5669271,"Upregulated"
"215118_s_at",0.0293,-3.1210012,"Downregulated"
"244711_at",0.02931,-1.2036033,"Downregulated"
"237466_s_at",0.029324,-2.4888174,"Downregulated"
"1561330_at",0.029324,-2.0636209,"Downregulated"
"211062_s_at",0.029324,2.4199303,"Upregulated"
"228703_at",0.029324,2.4471018,"Upregulated"
"1552900_a_at",0.029377,-2.0073851,"Downregulated"
"205288_at",0.029392,-1.2267293,"Downregulated"
"243221_at",0.029474,-1.4076883,"Downregulated"
"242084_at",0.029474,-1.9118106,"Downregulated"
"221177_at",0.029474,-1.3648943,"Downregulated"
"1559706_at",0.02948,-1.4965044,"Downregulated"
"203325_s_at",0.029484,1.4419918,"Upregulated"
"207158_at",0.029552,-2.1841402,"Downregulated"
"222102_at",0.029767,-2.5877648,"Downregulated"
"239319_at",0.029855,-3.3045703,"Downregulated"
"228113_at",0.029863,-1.3517556,"Downregulated"
"238439_at",0.029888,-1.4455436,"Downregulated"
"235849_at",0.029888,-2.4761298,"Downregulated"
"217264_s_at",0.029888,-1.4843198,"Downregulated"
"244825_at",0.029888,2.0225515,"Upregulated"
"223720_at",0.029903,-2.7873472,"Downregulated"
"244116_at",0.029942,-1.3851499,"Downregulated"
"227634_at",0.029942,1.092954,"Upregulated"
"244216_at",0.029995,-3.2969238,"Downregulated"
"218546_at",0.03004,-1.0133162,"Downregulated"
"1566571_at",0.030069,-1.6174468,"Downregulated"
"209172_s_at",0.030081,1.0786399,"Upregulated"
"214822_at",0.030173,-1.5899857,"Downregulated"
"204087_s_at",0.030189,1.480242,"Upregulated"
"207269_at",0.030189,-1.6443656,"Downregulated"
"209642_at",0.030189,1.4292888,"Upregulated"
"1555758_a_at",0.030189,1.2587086,"Upregulated"
"236264_at",0.030274,-1.8055094,"Downregulated"
"206869_at",0.030274,-2.0758823,"Downregulated"
"218691_s_at",0.030281,1.3708347,"Upregulated"
"224134_at",0.030299,-1.0220747,"Downregulated"
"219383_at",0.030299,1.1665479,"Upregulated"
"206271_at",0.030308,-1.5148007,"Downregulated"
"212940_at",0.030331,1.7898438,"Upregulated"
"215537_x_at",0.030362,1.317265,"Upregulated"
"241925_x_at",0.030372,-1.8573608,"Downregulated"
"213680_at",0.030372,2.5421735,"Upregulated"
"228400_at",0.030421,-1.1744597,"Downregulated"
"1566670_at",0.030459,-1.5169863,"Downregulated"
"1561708_at",0.03052,-1.6543399,"Downregulated"
"225566_at",0.030582,1.5826803,"Upregulated"
"241601_at",0.030757,-1.5780189,"Downregulated"
"1563696_at",0.030959,-2.292153,"Downregulated"
"229480_at",0.031037,1.0525556,"Upregulated"
"219132_at",0.031046,-1.3024147,"Downregulated"
"225491_at",0.031105,-3.4280199,"Downregulated"
"237212_at",0.031109,-1.4899264,"Downregulated"
"237261_at",0.031112,1.1329096,"Upregulated"
"233200_at",0.031112,-1.7604906,"Downregulated"
"236256_at",0.031112,-1.8986988,"Downregulated"
"234024_at",0.031112,-1.3318774,"Downregulated"
"227946_at",0.031185,-1.3100146,"Downregulated"
"203878_s_at",0.031185,2.1489479,"Upregulated"
"209544_at",0.031185,1.1252147,"Upregulated"
"205967_at",0.031185,1.0214828,"Upregulated"
"203381_s_at",0.031248,1.1278428,"Upregulated"
"224989_at",0.031491,-1.2180645,"Downregulated"
"216075_at",0.031584,-1.6553383,"Downregulated"
"236712_at",0.031595,-1.6870284,"Downregulated"
"241763_s_at",0.031669,1.2483569,"Upregulated"
"1562969_at",0.031694,-1.1239285,"Downregulated"
"211003_x_at",0.03181,1.0972374,"Upregulated"
"1554662_at",0.03181,-2.1418766,"Downregulated"
"221416_at",0.031818,-1.4057769,"Downregulated"
"223458_at",0.031853,-1.0524859,"Downregulated"
"211427_s_at",0.031882,-3.0223896,"Downregulated"
"229731_at",0.031882,1.8360864,"Upregulated"
"237056_at",0.031882,-1.1614984,"Downregulated"
"235965_at",0.031885,-1.9883479,"Downregulated"
"234851_at",0.031932,-1.537494,"Downregulated"
"230857_s_at",0.031978,-1.2892966,"Downregulated"
"1555375_at",0.031979,2.0569707,"Upregulated"
"235751_s_at",0.031979,1.671394,"Upregulated"
"231082_at",0.032061,-1.8661604,"Downregulated"
"226423_at",0.032061,-1.3106664,"Downregulated"
"203835_at",0.032061,1.2631914,"Upregulated"
"242280_x_at",0.032179,-1.1028664,"Downregulated"
"202283_at",0.032179,1.133698,"Upregulated"
"206698_at",0.032179,-2.1097821,"Downregulated"
"218875_s_at",0.032186,1.0065014,"Upregulated"
"222740_at",0.03227,1.3788817,"Upregulated"
"207353_s_at",0.032426,-1.3006712,"Downregulated"
"231268_at",0.032426,-1.1609491,"Downregulated"
"1556914_at",0.032426,-1.6105286,"Downregulated"
"204667_at",0.032426,-1.3338137,"Downregulated"
"208388_at",0.032431,-1.0354271,"Downregulated"
"223727_at",0.032431,-1.51055,"Downregulated"
"1557540_at",0.032534,-1.4328943,"Downregulated"
"1560490_at",0.032557,-1.8186469,"Downregulated"
"1553069_at",0.032557,-2.015292,"Downregulated"
"236783_at",0.03258,-1.3115551,"Downregulated"
"1559134_a_at",0.032676,1.3349166,"Upregulated"
"243034_at",0.032736,-2.0827306,"Downregulated"
"210788_s_at",0.032833,-1.3486624,"Downregulated"
"241573_at",0.03285,-2.0850278,"Downregulated"
"213506_at",0.03285,-1.3520086,"Downregulated"
"231909_x_at",0.032904,1.0491165,"Upregulated"
"238126_at",0.032904,-1.0822697,"Downregulated"
"240268_at",0.032904,-1.1410597,"Downregulated"
"215288_at",0.032904,1.5649569,"Upregulated"
"242450_at",0.032962,-1.3837914,"Downregulated"
"229585_at",0.033051,-1.3171,"Downregulated"
"223315_at",0.033094,-1.6412554,"Downregulated"
"221900_at",0.033112,1.8497139,"Upregulated"
"1552473_at",0.033112,-1.9539421,"Downregulated"
"237099_at",0.033112,-1.1977079,"Downregulated"
"232238_at",0.033112,1.4326466,"Upregulated"
"226582_at",0.033112,-2.0210552,"Downregulated"
"228281_at",0.033136,1.2172995,"Upregulated"
"244657_at",0.033233,-2.0344444,"Downregulated"
"205649_s_at",0.033233,-4.2035564,"Downregulated"
"1560382_at",0.033233,-1.0079073,"Downregulated"
"1567320_at",0.033285,-1.6891672,"Downregulated"
"208433_s_at",0.03334,1.4221218,"Upregulated"
"201897_s_at",0.033437,1.1033816,"Upregulated"
"206994_at",0.033458,1.6703815,"Upregulated"
"230422_at",0.033458,1.0039712,"Upregulated"
"211557_x_at",0.033458,1.1729938,"Upregulated"
"220203_at",0.033497,1.4316973,"Upregulated"
"234370_at",0.033506,-4.8772854,"Downregulated"
"229763_at",0.033516,-1.1217944,"Downregulated"
"243764_at",0.033532,-4.8845553,"Downregulated"
"209514_s_at",0.033532,-1.8106463,"Downregulated"
"219179_at",0.033597,1.0463677,"Upregulated"
"1553579_a_at",0.033686,-1.8981888,"Downregulated"
"1561542_at",0.033686,-1.5222911,"Downregulated"
"236758_at",0.033686,-1.7477006,"Downregulated"
"226432_at",0.03375,-1.1453281,"Downregulated"
"205572_at",0.03375,1.2569271,"Upregulated"
"1554004_a_at",0.03375,-1.1999353,"Downregulated"
"211517_s_at",0.03375,-1.9882029,"Downregulated"
"225571_at",0.033768,-2.348279,"Downregulated"
"211916_s_at",0.033911,-1.4911299,"Downregulated"
"234422_at",0.033971,-2.2073739,"Downregulated"
"210804_x_at",0.034012,1.2978558,"Upregulated"
"211600_at",0.034042,-1.1435406,"Downregulated"
"1566866_at",0.034042,-1.5972868,"Downregulated"
"206362_x_at",0.034042,-1.0844662,"Downregulated"
"225806_at",0.034042,1.4079308,"Upregulated"
"1560921_at",0.034079,-2.1848707,"Downregulated"
"211887_x_at",0.034087,1.489766,"Upregulated"
"215325_x_at",0.03417,-1.4180379,"Downregulated"
"239237_at",0.034211,-1.12088,"Downregulated"
"244366_at",0.034215,-1.5796907,"Downregulated"
"213582_at",0.034215,1.0751529,"Upregulated"
"214752_x_at",0.034232,1.1685905,"Upregulated"
"223657_at",0.034232,1.7174146,"Upregulated"
"217650_x_at",0.034249,1.0736506,"Upregulated"
"214385_s_at",0.034262,-4.0535407,"Downregulated"
"1556158_at",0.034301,-2.0471029,"Downregulated"
"239260_at",0.034346,2.1080618,"Upregulated"
"236641_at",0.034404,1.2390845,"Upregulated"
"229414_at",0.034448,-1.0886145,"Downregulated"
"1565812_at",0.034448,-1.2015541,"Downregulated"
"226292_at",0.034475,-1.2619356,"Downregulated"
"230481_at",0.034523,-1.7265816,"Downregulated"
"1568830_at",0.034529,-1.0112906,"Downregulated"
"229635_at",0.034589,1.2768811,"Upregulated"
"226097_at",0.034589,-1.0218127,"Downregulated"
"240320_at",0.034609,-1.4282613,"Downregulated"
"222100_at",0.034641,-2.1122701,"Downregulated"
"219225_at",0.034641,1.2659605,"Upregulated"
"235245_at",0.034762,-1.0688871,"Downregulated"
"1562321_at",0.034768,-2.1560896,"Downregulated"
"210155_at",0.034803,-1.8619228,"Downregulated"
"201952_at",0.034835,-1.1533455,"Downregulated"
"223895_s_at",0.034835,-1.8211047,"Downregulated"
"243716_at",0.034886,-1.6746375,"Downregulated"
"204682_at",0.035028,1.1399908,"Upregulated"
"238380_s_at",0.035028,-1.4026412,"Downregulated"
"233279_at",0.035028,-2.1916547,"Downregulated"
"230144_at",0.035028,-2.3030846,"Downregulated"
"242426_at",0.035069,-2.4135526,"Downregulated"
"226953_at",0.035069,-1.4756881,"Downregulated"
"220819_at",0.035105,-1.3983109,"Downregulated"
"1553437_at",0.035236,-1.4206477,"Downregulated"
"223854_at",0.035244,1.1750456,"Upregulated"
"211837_s_at",0.035267,-1.1052752,"Downregulated"
"214204_at",0.035353,-2.4584993,"Downregulated"
"202095_s_at",0.035366,1.4896504,"Upregulated"
"241773_at",0.035371,-1.0333785,"Downregulated"
"223745_at",0.035379,-1.7795687,"Downregulated"
"237465_at",0.035457,-1.2128891,"Downregulated"
"239362_at",0.035457,-1.7642628,"Downregulated"
"229163_at",0.035457,1.6151493,"Upregulated"
"233802_at",0.035457,-1.377142,"Downregulated"
"239403_at",0.035457,-1.0053047,"Downregulated"
"202018_s_at",0.035459,-4.7786947,"Downregulated"
"207756_at",0.03553,-1.244309,"Downregulated"
"227860_at",0.03553,2.2924239,"Upregulated"
"1559438_at",0.035578,-1.543359,"Downregulated"
"228831_s_at",0.035578,-1.3001866,"Downregulated"
"215446_s_at",0.035659,1.5131068,"Upregulated"
"227115_at",0.03569,-1.0487557,"Downregulated"
"1552325_at",0.03576,-1.5037799,"Downregulated"
"1562640_at",0.035802,2.0022944,"Upregulated"
"232181_at",0.035802,-1.2572791,"Downregulated"
"208028_s_at",0.035802,-2.1631722,"Downregulated"
"227771_at",0.035802,-1.7577523,"Downregulated"
"233902_at",0.035957,-1.0469451,"Downregulated"
"204378_at",0.035957,-2.7550007,"Downregulated"
"237487_at",0.035957,-1.5529408,"Downregulated"
"239579_at",0.036,2.4679758,"Upregulated"
"242771_at",0.036018,-1.7587502,"Downregulated"
"207104_x_at",0.036018,1.5421394,"Upregulated"
"234030_at",0.036085,-1.5991436,"Downregulated"
"215129_at",0.036085,-3.7088875,"Downregulated"
"203362_s_at",0.036085,1.2030017,"Upregulated"
"223723_at",0.036085,2.7740477,"Upregulated"
"210605_s_at",0.036128,1.4422409,"Upregulated"
"224973_at",0.036128,-1.3208221,"Downregulated"
"229952_at",0.03629,1.806493,"Upregulated"
"244076_at",0.036307,-2.0453557,"Downregulated"
"210807_s_at",0.036311,-1.7707994,"Downregulated"
"235827_at",0.036311,-1.0295849,"Downregulated"
"232243_at",0.036321,-2.0959992,"Downregulated"
"202528_at",0.036448,-1.2460451,"Downregulated"
"1564573_at",0.036448,-1.3048833,"Downregulated"
"234999_at",0.036448,-1.8111241,"Downregulated"
"232249_at",0.036448,1.5196737,"Upregulated"
"207074_s_at",0.036448,-1.541649,"Downregulated"
"219476_at",0.036562,-1.6395178,"Downregulated"
"244849_at",0.036571,2.2791142,"Upregulated"
"212909_at",0.036606,1.9226252,"Upregulated"
"235171_at",0.036606,-1.4331774,"Downregulated"
"1553945_at",0.036615,-1.2880917,"Downregulated"
"229168_at",0.036615,-1.8242392,"Downregulated"
"226828_s_at",0.036615,1.1059417,"Upregulated"
"205375_at",0.036615,1.2543619,"Upregulated"
"228141_at",0.036641,1.3017297,"Upregulated"
"1552421_a_at",0.036676,-2.0284254,"Downregulated"
"203240_at",0.036676,-3.1466816,"Downregulated"
"234104_at",0.036676,1.001825,"Upregulated"
"229598_at",0.036676,-1.2837841,"Downregulated"
"209839_at",0.036743,-1.2945496,"Downregulated"
"1570024_at",0.036772,-1.9916318,"Downregulated"
"221874_at",0.036909,-2.7923379,"Downregulated"
"238663_x_at",0.036909,-3.1358307,"Downregulated"
"226670_s_at",0.036965,1.0458879,"Upregulated"
"208482_at",0.036965,-1.7183111,"Downregulated"
"1557136_at",0.036965,-2.6220537,"Downregulated"
"1566576_at",0.036999,-2.1862057,"Downregulated"
"204311_at",0.037079,-1.0824527,"Downregulated"
"396_f_at",0.037091,-1.3269058,"Downregulated"
"243585_at",0.037128,-1.8771949,"Downregulated"
"1565862_a_at",0.037132,-1.370256,"Downregulated"
"244073_at",0.03725,-1.6404493,"Downregulated"
"216687_x_at",0.03726,-3.1976561,"Downregulated"
"1557826_at",0.037411,-1.6962022,"Downregulated"
"230397_at",0.037411,-1.0112224,"Downregulated"
"217824_at",0.037434,-1.0876247,"Downregulated"
"221785_at",0.037445,1.6026003,"Upregulated"
"204033_at",0.037464,1.1824624,"Upregulated"
"206002_at",0.037487,-3.861577,"Downregulated"
"213332_at",0.037522,-1.3190493,"Downregulated"
"206364_at",0.037602,1.332798,"Upregulated"
"1570506_at",0.037604,-1.2175791,"Downregulated"
"205243_at",0.037604,-2.3185447,"Downregulated"
"239541_at",0.037604,-1.4481176,"Downregulated"
"240207_at",0.037606,-1.3170337,"Downregulated"
"216613_at",0.037606,-1.5821083,"Downregulated"
"218585_s_at",0.037614,1.1509397,"Upregulated"
"228069_at",0.037614,1.1764889,"Upregulated"
"207859_s_at",0.037659,-1.2969366,"Downregulated"
"228878_s_at",0.037683,-1.6737299,"Downregulated"
"213716_s_at",0.037738,-1.098355,"Downregulated"
"237086_at",0.037738,-1.3564478,"Downregulated"
"221392_at",0.037738,-1.2207761,"Downregulated"
"240200_at",0.03779,-2.4978623,"Downregulated"
"205800_at",0.037864,-1.2310024,"Downregulated"
"1556160_a_at",0.037874,-1.0556095,"Downregulated"
"226891_at",0.037874,2.0173635,"Upregulated"
"1567702_at",0.037874,-1.9488881,"Downregulated"
"239927_at",0.037874,-1.2524478,"Downregulated"
"237397_at",0.037913,-1.9420689,"Downregulated"
"236335_at",0.037913,1.1002256,"Upregulated"
"221413_at",0.037913,-1.035089,"Downregulated"
"204641_at",0.037913,1.661343,"Upregulated"
"1552673_at",0.037913,-3.028721,"Downregulated"
"229600_s_at",0.037952,-1.6556996,"Downregulated"
"241866_at",0.037963,-1.5533471,"Downregulated"
"222262_s_at",0.037974,-1.3108861,"Downregulated"
"227015_at",0.037987,-1.289502,"Downregulated"
"229185_at",0.038236,-1.9455177,"Downregulated"
"227071_at",0.038258,-1.421624,"Downregulated"
"240792_at",0.038278,-1.2149509,"Downregulated"
"210239_at",0.038325,-2.0210654,"Downregulated"
"228036_s_at",0.038392,-1.1980039,"Downregulated"
"214279_s_at",0.03843,-1.0190557,"Downregulated"
"226612_at",0.03843,-1.9922355,"Downregulated"
"219230_at",0.038516,-1.9905176,"Downregulated"
"1569290_s_at",0.038516,-2.810497,"Downregulated"
"222097_at",0.038545,1.3941999,"Upregulated"
"1560495_at",0.038738,-1.9272524,"Downregulated"
"47550_at",0.038743,1.1459855,"Upregulated"
"224115_at",0.038743,-1.7264524,"Downregulated"
"217127_at",0.038743,-1.0479732,"Downregulated"
"201251_at",0.038831,1.1217714,"Upregulated"
"217090_at",0.038831,-1.0194193,"Downregulated"
"215443_at",0.038831,-2.121056,"Downregulated"
"216973_s_at",0.038831,1.6966008,"Upregulated"
"223876_at",0.038837,-1.2597141,"Downregulated"
"226363_at",0.038837,-1.0184684,"Downregulated"
"244472_at",0.038837,1.750267,"Upregulated"
"207222_at",0.038837,-1.7822422,"Downregulated"
"243890_at",0.038837,-1.1363365,"Downregulated"
"1552478_a_at",0.038949,-1.2442811,"Downregulated"
"227235_at",0.038949,1.3885455,"Upregulated"
"1554970_at",0.038949,-3.3411104,"Downregulated"
"226980_at",0.038969,1.4883701,"Upregulated"
"232656_at",0.039079,-1.233581,"Downregulated"
"229947_at",0.039096,2.5552559,"Upregulated"
"209987_s_at",0.039131,-2.1099331,"Downregulated"
"240857_at",0.039135,-1.7693597,"Downregulated"
"214696_at",0.039177,-1.1072069,"Downregulated"
"236442_at",0.039239,-1.1644666,"Downregulated"
"229496_at",0.039252,-1.3973586,"Downregulated"
"1552915_at",0.039263,-1.9662234,"Downregulated"
"217084_at",0.039397,-2.2587086,"Downregulated"
"244057_s_at",0.039397,1.4178066,"Upregulated"
"226960_at",0.039397,-4.5767858,"Downregulated"
"219725_at",0.039397,1.7313892,"Upregulated"
"230381_at",0.039397,-1.2192579,"Downregulated"
"206091_at",0.039397,1.1136071,"Upregulated"
"1554768_a_at",0.039397,1.2841909,"Upregulated"
"1555292_at",0.039438,1.0687026,"Upregulated"
"233932_at",0.039492,-1.7475272,"Downregulated"
"207828_s_at",0.03962,1.3025633,"Upregulated"
"1553600_at",0.03962,-2.2054527,"Downregulated"
"1557218_s_at",0.03962,1.5527922,"Upregulated"
"223789_s_at",0.03962,-1.5975226,"Downregulated"
"230071_at",0.03962,1.0463516,"Upregulated"
"242895_x_at",0.03962,-1.3753703,"Downregulated"
"209160_at",0.039678,-1.4350721,"Downregulated"
"220831_at",0.039678,-2.0625833,"Downregulated"
"224348_s_at",0.039678,2.2003803,"Upregulated"
"207392_x_at",0.039678,-2.6915001,"Downregulated"
"220727_at",0.039817,-1.5475324,"Downregulated"
"213147_at",0.039826,2.3819133,"Upregulated"
"234313_at",0.039865,-1.0502861,"Downregulated"
"234878_at",0.039865,-1.8377064,"Downregulated"
"212942_s_at",0.039879,3.3508089,"Upregulated"
"1562301_at",0.039892,-2.579841,"Downregulated"
"1553798_a_at",0.039983,-2.3781279,"Downregulated"
"206952_at",0.039998,-2.2448428,"Downregulated"
"220047_at",0.040052,-1.2998641,"Downregulated"
"1556666_a_at",0.040076,-1.8509136,"Downregulated"
"207761_s_at",0.040076,-1.8950324,"Downregulated"
"219011_at",0.040076,1.5773809,"Upregulated"
"1569380_a_at",0.040076,-1.5285605,"Downregulated"
"227226_at",0.040086,-1.5777132,"Downregulated"
"210510_s_at",0.040109,1.3831909,"Upregulated"
"238628_s_at",0.040109,-1.0406916,"Downregulated"
"1556586_x_at",0.040112,-1.0296525,"Downregulated"
"202972_s_at",0.040129,-1.0312614,"Downregulated"
"202879_s_at",0.040166,-1.4412438,"Downregulated"
"232065_x_at",0.0402,1.1175585,"Upregulated"
"236385_at",0.040231,-1.6940775,"Downregulated"
"231166_at",0.040258,-2.7535465,"Downregulated"
"221166_at",0.040273,-1.7503661,"Downregulated"
"208394_x_at",0.040279,1.2503375,"Upregulated"
"231168_at",0.040297,-1.0195322,"Downregulated"
"236419_at",0.040317,-1.5363717,"Downregulated"
"208260_at",0.040317,-1.4963343,"Downregulated"
"242228_at",0.040394,1.1356395,"Upregulated"
"205505_at",0.040414,-1.1507188,"Downregulated"
"242601_at",0.040522,-2.8592891,"Downregulated"
"220745_at",0.040522,-1.9881011,"Downregulated"
"244343_at",0.040548,-1.4131934,"Downregulated"
"229854_at",0.040555,-1.0161995,"Downregulated"
"219140_s_at",0.040594,1.7707905,"Upregulated"
"1565131_x_at",0.040596,-1.2088413,"Downregulated"
"224240_s_at",0.040597,-1.4685381,"Downregulated"
"1555557_a_at",0.040773,1.4971621,"Upregulated"
"1555963_x_at",0.040842,-1.5180188,"Downregulated"
"1556055_at",0.040842,1.110103,"Upregulated"
"1553808_a_at",0.040842,-1.8590206,"Downregulated"
"215237_at",0.040865,1.9131424,"Upregulated"
"239631_at",0.040884,-1.5191298,"Downregulated"
"241767_at",0.040988,-1.2797988,"Downregulated"
"1563405_at",0.040988,-2.136344,"Downregulated"
"233240_at",0.041011,-2.027002,"Downregulated"
"207017_at",0.041084,-2.8507867,"Downregulated"
"217590_s_at",0.041107,-2.0606389,"Downregulated"
"237804_at",0.041119,-1.6956745,"Downregulated"
"226844_at",0.041119,-1.0540828,"Downregulated"
"242871_at",0.041119,-1.5181317,"Downregulated"
"231491_at",0.041119,-1.4299019,"Downregulated"
"218469_at",0.041119,1.5135115,"Upregulated"
"1566647_s_at",0.041119,-1.6202692,"Downregulated"
"1556996_at",0.041136,-2.197079,"Downregulated"
"1556994_at",0.041149,-1.4499792,"Downregulated"
"225345_s_at",0.041157,1.7297524,"Upregulated"
"243018_at",0.041175,1.1339262,"Upregulated"
"216298_at",0.041212,-2.1247155,"Downregulated"
"214123_s_at",0.04125,1.6624143,"Upregulated"
"217288_at",0.041267,-1.2816569,"Downregulated"
"207731_at",0.041374,-1.9803364,"Downregulated"
"239618_at",0.041404,-1.282627,"Downregulated"
"243515_at",0.041404,-1.2484596,"Downregulated"
"214779_s_at",0.041408,-1.0238154,"Downregulated"
"206805_at",0.041425,1.2384926,"Upregulated"
"1562162_at",0.041425,-1.1895863,"Downregulated"
"205240_at",0.041425,1.0723505,"Upregulated"
"204490_s_at",0.041551,1.1248231,"Upregulated"
"242967_at",0.041558,-1.5690895,"Downregulated"
"206844_at",0.04158,-4.0148564,"Downregulated"
"228528_at",0.041636,-1.6090096,"Downregulated"
"1564803_at",0.041653,-1.2845728,"Downregulated"
"206068_s_at",0.04169,-2.5618678,"Downregulated"
"1568648_a_at",0.04169,-2.1907083,"Downregulated"
"229030_at",0.041718,-2.7136139,"Downregulated"
"232855_at",0.041719,-1.9919722,"Downregulated"
"208142_at",0.041793,-2.0751448,"Downregulated"
"225807_at",0.041793,1.2473922,"Upregulated"
"1553734_at",0.041839,-1.1083769,"Downregulated"
"1556980_at",0.041839,-1.173051,"Downregulated"
"1559394_a_at",0.041839,-1.3728346,"Downregulated"
"211652_s_at",0.041839,-1.0689077,"Downregulated"
"231083_at",0.041839,-1.4065915,"Downregulated"
"1557908_at",0.041847,-1.0109228,"Downregulated"
"211843_x_at",0.041847,-1.3716541,"Downregulated"
"215647_at",0.041888,-1.5208104,"Downregulated"
"241050_at",0.041968,-1.0256598,"Downregulated"
"1562671_s_at",0.042013,-1.004249,"Downregulated"
"233725_at",0.042013,-1.0264578,"Downregulated"
"231113_at",0.042013,1.772632,"Upregulated"
"216291_at",0.042092,-2.2092601,"Downregulated"
"229764_at",0.042092,1.9041954,"Upregulated"
"224096_at",0.042307,-1.382514,"Downregulated"
"204779_s_at",0.042406,1.7424028,"Upregulated"
"218468_s_at",0.042481,1.5684686,"Upregulated"
"237715_at",0.042501,-1.873505,"Downregulated"
"240460_at",0.042536,2.4787557,"Upregulated"
"233033_at",0.042542,-1.705817,"Downregulated"
"244213_at",0.042547,-1.7866636,"Downregulated"
"1554158_at",0.042586,1.3462136,"Upregulated"
"220356_at",0.042586,1.7291765,"Upregulated"
"215255_at",0.042643,1.2672204,"Upregulated"
"210575_at",0.042698,-1.877689,"Downregulated"
"209714_s_at",0.042725,1.1006357,"Upregulated"
"211668_s_at",0.042775,1.1149614,"Upregulated"
"235266_at",0.042825,1.2293625,"Upregulated"
"220923_s_at",0.042825,-1.5450574,"Downregulated"
"1555236_a_at",0.042846,-5.2810514,"Downregulated"
"1558174_at",0.042963,-1.4560675,"Downregulated"
"212592_at",0.042963,-2.6723054,"Downregulated"
"243793_at",0.042995,-1.7083174,"Downregulated"
"1564251_at",0.043024,-1.8517982,"Downregulated"
"211166_at",0.04307,-1.5613136,"Downregulated"
"233774_at",0.043075,-1.8100812,"Downregulated"
"201242_s_at",0.043143,-1.0738351,"Downregulated"
"216543_at",0.043187,-1.91332,"Downregulated"
"231982_at",0.043212,-2.38014,"Downregulated"
"242929_at",0.043231,-1.4432147,"Downregulated"
"1562066_at",0.043333,-1.9925885,"Downregulated"
"206121_at",0.043333,-2.6752375,"Downregulated"
"215563_s_at",0.043333,-1.8201273,"Downregulated"
"240647_at",0.043352,-1.4625125,"Downregulated"
"216775_at",0.043357,-1.0401438,"Downregulated"
"232178_at",0.043357,-2.0131139,"Downregulated"
"236963_at",0.043396,-1.0867559,"Downregulated"
"204988_at",0.043396,-2.9593966,"Downregulated"
"237892_at",0.043396,-1.5041386,"Downregulated"
"236655_at",0.043448,-1.1133894,"Downregulated"
"215042_at",0.043448,-1.8562011,"Downregulated"
"207874_s_at",0.043503,1.9648045,"Upregulated"
"214253_s_at",0.043516,-1.0341279,"Downregulated"
"237922_at",0.043516,-1.2872302,"Downregulated"
"1556014_at",0.043516,-2.0138352,"Downregulated"
"239483_at",0.043516,-1.1766754,"Downregulated"
"1565603_at",0.043516,-1.0608452,"Downregulated"
"238282_at",0.043516,-1.9174364,"Downregulated"
"205379_at",0.043645,1.0858711,"Upregulated"
"1554301_at",0.043696,-2.2926031,"Downregulated"
"1570430_at",0.043696,-2.2142212,"Downregulated"
"1552365_at",0.043696,-2.264806,"Downregulated"
"219229_at",0.043772,1.018411,"Upregulated"
"223381_at",0.043868,1.4813118,"Upregulated"
"217405_x_at",0.043989,-1.0242377,"Downregulated"
"205560_at",0.044001,1.3920249,"Upregulated"
"1562762_at",0.044027,-1.3828274,"Downregulated"
"217183_at",0.044027,-1.8611385,"Downregulated"
"222314_x_at",0.04404,1.7950427,"Upregulated"
"230030_at",0.044075,2.5406532,"Upregulated"
"204926_at",0.044232,1.9073366,"Upregulated"
"1560870_a_at",0.044232,-1.5109451,"Downregulated"
"201615_x_at",0.044232,1.2520048,"Upregulated"
"236970_s_at",0.044232,-1.2713543,"Downregulated"
"215323_at",0.044333,1.2991867,"Upregulated"
"1552448_a_at",0.044341,-2.5985093,"Downregulated"
"228565_at",0.044341,-1.0727725,"Downregulated"
"218899_s_at",0.044452,-2.0020226,"Downregulated"
"241743_at",0.044514,-1.6758597,"Downregulated"
"228893_at",0.044555,-1.7094643,"Downregulated"
"237858_s_at",0.044563,1.1913413,"Upregulated"
"225286_at",0.044563,-1.0523596,"Downregulated"
"1553865_a_at",0.044629,-1.2566458,"Downregulated"
"1552911_at",0.044775,-2.3130333,"Downregulated"
"230876_at",0.044779,1.8024994,"Upregulated"
"216586_at",0.044781,-1.2755718,"Downregulated"
"239344_at",0.044841,-1.9430682,"Downregulated"
"235974_at",0.044901,-1.062537,"Downregulated"
"237749_at",0.044901,-1.4800193,"Downregulated"
"236445_at",0.044911,-1.497238,"Downregulated"
"209950_s_at",0.044931,-2.0766999,"Downregulated"
"219856_at",0.045048,-1.1968177,"Downregulated"
"226817_at",0.045048,-1.0006164,"Downregulated"
"207840_at",0.045091,-1.3981111,"Downregulated"
"1553713_a_at",0.045091,1.7237271,"Upregulated"
"236741_at",0.045091,3.0323003,"Upregulated"
"209301_at",0.045189,-3.0384191,"Downregulated"
"209356_x_at",0.045192,1.1344948,"Upregulated"
"222020_s_at",0.045192,1.3714941,"Upregulated"
"241629_at",0.045192,-1.4525411,"Downregulated"
"214601_at",0.045198,-2.205126,"Downregulated"
"1558420_at",0.045248,-1.5009426,"Downregulated"
"1555053_at",0.045248,-1.1272218,"Downregulated"
"218009_s_at",0.045248,1.2565384,"Upregulated"
"1555737_a_at",0.04528,-1.0014095,"Downregulated"
"221385_s_at",0.045302,1.2078897,"Upregulated"
"206209_s_at",0.045387,-1.6411207,"Downregulated"
"224646_x_at",0.04542,3.0960779,"Upregulated"
"219000_s_at",0.045428,1.1663731,"Upregulated"
"204351_at",0.045428,-2.0449914,"Downregulated"
"235373_at",0.045428,-1.0407385,"Downregulated"
"205339_at",0.045505,1.2732006,"Upregulated"
"233504_at",0.045549,-1.5782553,"Downregulated"
"203014_x_at",0.045604,-1.034729,"Downregulated"
"207057_at",0.045604,-2.0063539,"Downregulated"
"207503_at",0.045645,-1.3817039,"Downregulated"
"1566740_at",0.045706,-1.2039297,"Downregulated"
"1552870_s_at",0.045815,-3.3234305,"Downregulated"
"217333_at",0.045829,-1.4030819,"Downregulated"
"220126_at",0.045829,-1.2282822,"Downregulated"
"1563003_at",0.045829,-1.2985905,"Downregulated"
"228729_at",0.045843,1.1680015,"Upregulated"
"1563005_at",0.04589,-1.4299741,"Downregulated"
"204337_at",0.04589,1.4909188,"Upregulated"
"1561394_s_at",0.046031,1.718141,"Upregulated"
"205261_at",0.046031,-4.3454447,"Downregulated"
"1557472_a_at",0.046031,-1.4322442,"Downregulated"
"1553199_at",0.046031,-1.5017917,"Downregulated"
"1554528_at",0.046152,-1.5867098,"Downregulated"
"1564965_at",0.0462,-1.345688,"Downregulated"
"214660_at",0.046237,1.0550218,"Upregulated"
"239195_at",0.046253,-1.6310927,"Downregulated"
"208334_at",0.046279,-2.2331483,"Downregulated"
"212091_s_at",0.046279,1.6433699,"Upregulated"
"228401_at",0.046293,1.0338869,"Upregulated"
"202859_x_at",0.046293,2.4027565,"Upregulated"
"221655_x_at",0.046307,-1.1076335,"Downregulated"
"215034_s_at",0.046323,1.3916918,"Upregulated"
"225790_at",0.046411,1.2052012,"Upregulated"
"229693_at",0.046411,-1.2950059,"Downregulated"
"204509_at",0.046481,-1.4283103,"Downregulated"
"1567257_at",0.046523,-1.781916,"Downregulated"
"1570064_at",0.046523,-1.1271209,"Downregulated"
"204719_at",0.046524,-2.6912186,"Downregulated"
"233143_at",0.046612,-1.9805256,"Downregulated"
"234585_at",0.046758,-1.3944018,"Downregulated"
"242870_at",0.046778,-1.1546347,"Downregulated"
"234909_at",0.046875,-1.4115319,"Downregulated"
"1554677_s_at",0.046875,-1.0071439,"Downregulated"
"241418_at",0.046875,-1.4802859,"Downregulated"
"229331_at",0.046875,-1.1787809,"Downregulated"
"1555800_at",0.046949,-3.2064691,"Downregulated"
"226492_at",0.046949,-1.3983023,"Downregulated"
"1560588_at",0.046949,1.5241721,"Upregulated"
"210951_x_at",0.046949,-1.7243304,"Downregulated"
"227134_at",0.046949,-1.069808,"Downregulated"
"216188_at",0.046949,-1.7299716,"Downregulated"
"235155_at",0.046949,-1.1634293,"Downregulated"
"231360_at",0.046992,-1.4853624,"Downregulated"
"202825_at",0.047003,-1.0815392,"Downregulated"
"201292_at",0.047024,1.5931461,"Upregulated"
"230165_at",0.047042,1.0346229,"Upregulated"
"228302_x_at",0.047084,3.1740365,"Upregulated"
"239587_at",0.047128,-1.1194568,"Downregulated"
"234372_at",0.047158,-1.5820209,"Downregulated"
"1558199_at",0.047163,1.6721043,"Upregulated"
"202793_at",0.047163,-1.0969535,"Downregulated"
"214470_at",0.047224,-1.4967302,"Downregulated"
"1553352_x_at",0.047258,-1.1249761,"Downregulated"
"240138_at",0.047267,-1.1717133,"Downregulated"
"236415_at",0.047302,-1.5034607,"Downregulated"
"202565_s_at",0.047373,1.0630727,"Upregulated"
"244652_at",0.047526,-1.093052,"Downregulated"
"211555_s_at",0.047582,1.0020707,"Upregulated"
"1553423_a_at",0.047594,-1.1678048,"Downregulated"
"228844_at",0.047597,-1.1157209,"Downregulated"
"217676_at",0.047639,-1.4184385,"Downregulated"
"224710_at",0.047802,1.0317386,"Upregulated"
"221202_at",0.047802,-2.2092407,"Downregulated"
"239580_at",0.047818,1.4026103,"Upregulated"
"205978_at",0.047818,-1.087939,"Downregulated"
"226248_s_at",0.047885,-3.7732883,"Downregulated"
"243502_at",0.047905,1.8655788,"Upregulated"
"237985_at",0.047928,-1.8783622,"Downregulated"
"215126_at",0.047983,-2.4128246,"Downregulated"
"232173_at",0.048017,-1.3475414,"Downregulated"
"201809_s_at",0.048017,1.3088015,"Upregulated"
"216584_at",0.048066,-1.6924195,"Downregulated"
"221179_at",0.048066,-1.8516119,"Downregulated"
"232957_x_at",0.04807,-1.1393845,"Downregulated"
"1560059_at",0.04807,-1.0575747,"Downregulated"
"1553457_at",0.048276,-1.5609499,"Downregulated"
"241287_x_at",0.048306,-1.1902759,"Downregulated"
"240414_at",0.048334,-1.520909,"Downregulated"
"203234_at",0.048367,1.1981895,"Upregulated"
"1556012_at",0.048367,-2.1017101,"Downregulated"
"211470_s_at",0.04845,-2.7478478,"Downregulated"
"1570621_at",0.048488,-1.4243354,"Downregulated"
"1552903_at",0.048516,-1.5597929,"Downregulated"
"207151_at",0.048544,-1.2478464,"Downregulated"
"236430_at",0.048565,-3.2309436,"Downregulated"
"1555856_s_at",0.048566,-1.794811,"Downregulated"
"202954_at",0.048584,1.5908513,"Upregulated"
"210708_x_at",0.048614,-1.430217,"Downregulated"
"221097_s_at",0.048683,-1.7911418,"Downregulated"
"218542_at",0.048712,1.1386677,"Upregulated"
"219551_at",0.048736,-1.2922317,"Downregulated"
"1554003_at",0.048737,-1.1419659,"Downregulated"
"210289_at",0.048816,-1.9757373,"Downregulated"
"228168_at",0.048921,-1.000533,"Downregulated"
"230003_at",0.048921,-1.9583476,"Downregulated"
"231097_at",0.048921,1.536865,"Upregulated"
"228502_at",0.048928,-1.7851852,"Downregulated"
"215350_at",0.048969,-1.5330285,"Downregulated"
"220357_s_at",0.048969,-1.1306381,"Downregulated"
"216841_s_at",0.048969,1.4307502,"Upregulated"
"1552797_s_at",0.048975,-2.1847488,"Downregulated"
"1554333_at",0.048975,1.1192005,"Upregulated"
"1557457_at",0.049038,-1.8378995,"Downregulated"
"229440_at",0.049052,-1.727705,"Downregulated"
"233109_at",0.049108,1.6234958,"Upregulated"
"1555801_s_at",0.049158,-2.3062625,"Downregulated"
"211279_at",0.04921,-1.305839,"Downregulated"
"1553572_a_at",0.04921,-1.2677317,"Downregulated"
"1558683_a_at",0.04921,-1.4493274,"Downregulated"
"204750_s_at",0.049243,-1.064626,"Downregulated"
"1560630_at",0.049278,-1.8534995,"Downregulated"
"1567390_at",0.049295,-1.4076545,"Downregulated"
"211232_x_at",0.049318,-1.4970844,"Downregulated"
"203744_at",0.049318,1.3989418,"Upregulated"
"220433_at",0.049318,-2.19313,"Downregulated"
"204162_at",0.049364,1.2182748,"Upregulated"
"235239_at",0.049429,1.5136407,"Upregulated"
"219636_s_at",0.049533,1.3771261,"Upregulated"
"1569208_a_at",0.049533,-1.0162543,"Downregulated"
"214147_at",0.049533,-1.4844178,"Downregulated"
"204561_x_at",0.049533,2.3569137,"Upregulated"
"225782_at",0.049533,1.101679,"Upregulated"
"206030_at",0.049533,-1.8454922,"Downregulated"
"238702_at",0.049533,-1.6367178,"Downregulated"
"228642_at",0.049678,1.1132059,"Upregulated"
"218759_at",0.049705,1.0193552,"Upregulated"
"205049_s_at",0.049705,-2.3092323,"Downregulated"
"201853_s_at",0.049767,1.3101104,"Upregulated"
"208037_s_at",0.049767,-1.4692897,"Downregulated"
"243799_x_at",0.049781,-2.5342622,"Downregulated"
"238455_at",0.049799,1.1389398,"Upregulated"
"230469_at",0.049802,1.371324,"Upregulated"
"243831_at",0.049867,-1.413091,"Downregulated"
"219701_at",0.049974,1.6335943,"Upregulated"
"1559093_at",0.049974,-1.5155671,"Downregulated"
